SUPERS,CODIGO,TURMA,CR,DISCIPLINA,2,3,4,5,6,INICIO,FINAL,SALA,VAGAS,PROFESSORES1,H1,PROFESSORES2,H2,PROFESSORES3,H3,PROFESSORES4,H4,PROFESSORES5,H 5,PROFESSORES6,H6,PROFESSORES7,H7,PROFESSORES8,H8,PROFESSORES9,H9,PROFESSORES10,H10,PERIODO
Eliane Garcia,ART1053,1AA,2,DESENHO DE MODELO VIVO,FALSE,FALSE,FALSE,FALSE,FALSE,__,__,SALA,,,,,,,,,,,,,,,,,,,,,,
Izabel Oliveira,DSG1030,1AA,2,ANTEPROJETO ESPECÍFICO CV,FALSE,TRUE,FALSE,FALSE,FALSE,11,13,VIRTUAL,17 ECV,MARIA JULIA MORAES PINTO NUNES,,IZABEL MARIA DE OLIVEIRA,,SUZANA VALLADARES FONSECA,,,,,,,,,,,,,,,,
Izabel Oliveira,DSG1031,1AA,10,PROJETO ESPECIFICO CV,FALSE,TRUE,FALSE,FALSE,FALSE,7,11,L658,10 ECV,IZABEL MARIA DE OLIVEIRA,,ANDRE LUIS FERREIRA BELTRAO,,JULIETA COSTA SOBRAL,,GABRIELA DE GUSMAO PEREIRA,,,,,,,,,,,,,,
Izabel Oliveira,DSG1031,1AA,10,PROJETO ESPECIFICO CV,FALSE,FALSE,FALSE,TRUE,FALSE,7,13,L658,,,,,,,,,,,,,,,,,,,,,,
Izabel Oliveira,DSG1032,1AA,10,PROJETO FINAL CV,FALSE,TRUE,FALSE,FALSE,FALSE,7,11,L232,15ECV,ALESSANDRA CARUSI MACHADO,,IZABEL MARIA DE OLIVEIRA,,FABIO PINTO LOPES DE LIMA,,JULIETA COSTA SOBRAL,,EVELYN GRUMACH,,LUIZ TORRES LUDWIG,,VERA MARIA MARSICANO DAMAZIO,,,,,,,,
Izabel Oliveira,DSG1032,1AA,10,PROJETO FINAL CV,FALSE,FALSE,FALSE,FALSE,TRUE,7,13,L232,,,,,,,,,,,,,,,,,,,,,,
Izabel Oliveira,DSG1032,1AB,10,PROJETO FINAL CV,TRUE,FALSE,FALSE,FALSE,FALSE,7,11,L232,15 ECV,LUIZ TORRES LUDWIG,,ROBERTA PORTAS GONCALVES RODRIGUES,,IZABEL MARIA DE OLIVEIRA,,FABIO PINTO LOPES DE LIMA,,JULIETA COSTA SOBRAL,,EVELYN GRUMACH,,VERA MARIA MARSICANO DAMAZIO,,,,,,,,
Izabel Oliveira,DSG1032,1AB,10,PROJETO FINAL CV,FALSE,FALSE,FALSE,FALSE,FALSE,7,13,L232,,,,,,,,,,,,,,,,,,,,,,
Izabel Oliveira,DSG1032,1AC,10,PROJETO FINAL CV,TRUE,FALSE,FALSE,FALSE,FALSE,7,11,L260,15 ECV???,FABIO PINTO LOPES DE LIMA,,ROBERTA PORTAS GONCALVES RODRIGUES,,LUIZ TORRES LUDWIG,,IZABEL MARIA DE OLIVEIRA,,JULIETA COSTA SOBRAL,,EVELYN GRUMACH,,VERA MARIA MARSICANO DAMAZIO,,,,,,,,
Izabel Oliveira,DSG1032,1AC,10,PROJETO FINAL CV,FALSE,FALSE,FALSE,FALSE,TRUE,7,13,L260,,,,,,,,,,,,,,,,,,,,,,
João Bonelli,DSG1041,1AA,10,PROJETO ESPECIFICO DIG,TRUE,FALSE,FALSE,FALSE,FALSE,7,13,L422,11 DIG,MARIA DAS GRACAS DE ALMEIDA CHAGAS,,JOAO DE SA BONELLI,,ELIANE GARCIA PEREIRA,,GUILHERME DE ALMEIDA XAVIER,,MARCELO FERNANDES PEREIRA,,JOY HELENA WORMS TILL,,MARIA CLAUDIA BOLSHAW GOMES,,,,,,,,
João Bonelli,DSG1041,1AA,10,PROJETO ESPECIFICO DIG,FALSE,FALSE,FALSE,TRUE,FALSE,7,11,L422,,,,,,,,,,,,,,,,,,,,,,
João Bonelli,DSG1042,1AA,10,PROJETO FINAL DIG,FALSE,TRUE,FALSE,FALSE,FALSE,7,11,L532,19 DIG,,,,,,,,,,,,,,,,,,,,,
João Bonelli,DSG1042,1AA,10,PROJETO FINAL DIG,FALSE,FALSE,FALSE,FALSE,TRUE,7,13,L532,,,,,,,,,,,,,,,,,,,,,,
Isabel Moreira,DSG1051,1AA,10,PROJETO ESPECIFICO MOD,FALSE,TRUE,FALSE,FALSE,FALSE,7,13,SALA,10 MOD,ISABEL MARTINS MOREIRA,,PRISCILA ANDRADE SILVA,,BARBARA DE OLIVEIRA E CRUZ,,CLAUDIA MARIA MONTEIRO VIANNA,,MARIA ELOISA DE JESUS CONCEIÇÃO,,,,,,,,,,,,
Isabel Moreira,DSG1051,1AA,10,PROJETO ESPECIFICO MOD,FALSE,FALSE,FALSE,TRUE,FALSE,7,11,ART1,,,,,,,,,,,,,,,,,,,,,,
Isabel Moreira,DSG1052,1AA,10,PROJETO FINAL MOD,FALSE,TRUE,FALSE,FALSE,TRUE,7,11,ART2,11 MOD,LUIZA FERRO COSTA MARCIER,,ISABEL MARTINS MOREIRA,,LUCIANA BARBOSA DE SOUSA,,WALVYKER ALVES DE SOUZA,,,,,,,,,,,,,,
Isabel Moreira,DSG1052,1AB,10,PROJETO FINAL MOD,FALSE,TRUE,FALSE,FALSE,TRUE,7,11,ART2,12 MOD,ISABEL MARTINS MOREIRA,,LUIZA FERRO COSTA MARCIER,,LUCIANA BARBOSA DE SOUSA,,WALVYKER ALVES DE SOUZA,,,,,,,,,,,,,,
Claudia Kayat,DSG1061,1AA,10,PROJETO ESPECIFICO PP,FALSE,TRUE,FALSE,FALSE,FALSE,7,11,ART1,10 EPP,AUGUSTO SEIBEL MACHADO,,FELIPE RANGEL CARNEIRO,,CLAUDIA HABIB KAYAT,,DANIEL MALAGUTI CAMPOS,,,,,,,,,,,,,,
Claudia Kayat,DSG1061,1AA,10,PROJETO ESPECIFICO PP,FALSE,FALSE,FALSE,TRUE,FALSE,7,13,ART2,,,,,,,,,,,,,,,,,,,,,,
Claudia Kayat,DSG1062,1AA,10,PROJETO ESPECIFICO PP,FALSE,TRUE,FALSE,FALSE,FALSE,7,11,F100,12 EPP,FELIPE RANGEL CARNEIRO,,CLAUDIA HABIB KAYAT,,AUGUSTO SEIBEL MACHADO,,GABRIELLA FERREIRA CHAVES VACCARI,,DANIEL MALAGUTI CAMPOS,,GUILHERME LORENZONI DE ALMEIDA,,,,,,,,,,
Claudia Kayat,DSG1062,1AA,10,PROJETO ESPECIFICO PP,FALSE,FALSE,FALSE,FALSE,TRUE,7,13,F100,,,,,,,,,,,,,,,,,,,,,,
Eliane Garcia,DSG1142,1AA,3,CRIACAO/TRATAMENTO DE IMAGEM,FALSE,FALSE,FALSE,FALSE,FALSE,__,__,SALA,,,,,,,,,,,,,,,,,,,,,,
João Bonelli,DSG1143,1AA,3,ED/POS-PROD IMAG EM MOVIMENTO,FALSE,FALSE,FALSE,FALSE,FALSE,__,__,SALA,,,,,,,,,,,,,,,,,,,,,,
Eliane Garcia,DSG1424,1AA,3,ANIMACAO,FALSE,FALSE,FALSE,FALSE,FALSE,__,__,SALA,,,,,,,,,,,,,,,,,,,,,,
Eliane Garcia,DSG1424,1AA,3,ANIMACAO,FALSE,FALSE,TRUE,FALSE,FALSE,__,__,SALA,,,,,,,,,,,,,,,,,,,,,,
Isabel Moreira,DSG1517,1AA,3,DESIGN DE ESTAMPARIA,FALSE,FALSE,FALSE,FALSE,FALSE,__,__,SALA,,,,,,,,,,,,,,,,,,,,,,
,DSG1518,,,,FALSE,FALSE,FALSE,FALSE,FALSE,,,,,,,,,,,,,,,,,,,,,,,,,
,DSG1623,,,,FALSE,FALSE,FALSE,FALSE,FALSE,,,,,,,,,,,,,,,,,,,,,,,,,
Jorge Langone,DSG1801,1AA,2,CONTEÚDOS ESTRUTURANTES: OLHAR INTRAMUROS,FALSE,TRUE,FALSE,FALSE,FALSE,13,15,L532,18 CAL,MARIA JULIA MORAES PINTO NUNES,2,,,,,,,,,,,,,,,,,,,1o 
Jorge Langone,DSG1801,1AB,2,CONTEÚDOS ESTRUTURANTES: OLHAR INTRAMUROS,FALSE,TRUE,FALSE,FALSE,FALSE,13,15,ART1,18 CAL,TATIANA BARBOSA CARVALHO,2,,,,,,,,,,,,,,,,,,,1o 
Jorge Langone,DSG1801,1AC,2,CONTEÚDOS ESTRUTURANTES: OLHAR INTRAMUROS,FALSE,TRUE,FALSE,FALSE,FALSE,13,15,L658,18 CAL,FLAVIA NIZIA DA FONSECA RIBEIRO,2,,,,,,,,,,,,,,,,,,,1o 
Jorge Langone,DSG1801,1AD,2,CONTEÚDOS ESTRUTURANTES: OLHAR INTRAMUROS,FALSE,TRUE,FALSE,FALSE,FALSE,13,15,ART3,18 CAL,DANIEL MALAGUTI CAMPOS,2,,,,,,,,,,,,,,,,,,,1o 
Jorge Langone,DSG1801,1AE,2,CONTEÚDOS ESTRUTURANTES: OLHAR INTRAMUROS,FALSE,TRUE,FALSE,FALSE,FALSE,13,15,SALA,18 CAL,HORISTA A CONTRATAR,2,,,,,,,,,,,,,,,,,,,1o 
Jorge Langone,DSG1801,1AF,2,CONTEÚDOS ESTRUTURANTES: OLHAR INTRAMUROS,FALSE,TRUE,FALSE,FALSE,FALSE,13,15,SALA,18 CAL,HORISTA A CONTRATAR,2,,,,,,,,,,,,,,,,,,,1o 
Jorge Langone,DSG1801,1AG,2,CONTEÚDOS ESTRUTURANTES: OLHAR INTRAMUROS,FALSE,TRUE,FALSE,FALSE,FALSE,13,15,SALA,18 CAL,HORISTA A CONTRATAR,2,,,,,,,,,,,,,,,,,,,1o 
Jorge Langone,DSG1802,1AA,2,CONTEÚDOS ESTRUTURANTES: OLHAR EXTRAMUROS,FALSE,FALSE,FALSE,TRUE,FALSE,13,15,ART1,20 ART,,,,,,,,,,,,,,,,,,,,,2o
Jorge Langone,DSG1802,1AA,2,CONTEÚDOS ESTRUTURANTES: OLHAR EXTRAMUROS,FALSE,FALSE,FALSE,TRUE,FALSE,13,15,ART1,20 ART,,,,,,,,,,,,,,,,,,,,,2o
Jorge Langone,DSG1802,1AB,2,CONTEÚDOS ESTRUTURANTES: OLHAR EXTRAMUROS,FALSE,FALSE,FALSE,TRUE,FALSE,13,15,ART2,21 ART,,,,,,,,,,,,,,,,,,,,,2o
Jorge Langone,DSG1802,1AC,2,CONTEÚDOS ESTRUTURANTES: OLHAR EXTRAMUROS,FALSE,FALSE,FALSE,TRUE,FALSE,13,15,ART3,21 ART,,,,,,,,,,,,,,,,,,,,,2o
Jorge Langone,DSG1802,1AD,2,CONTEÚDOS ESTRUTURANTES: OLHAR EXTRAMUROS,FALSE,FALSE,FALSE,TRUE,FALSE,13,15,SALA,21 ART,,,,,,,,,,,,,,,,,,,,,2o
Jorge Langone,DSG1803,1AA,2,CONTEÚDOS ESTRUTURANTES: PROJETAR EM PARCERIA,TRUE,FALSE,FALSE,FALSE,FALSE,13,15,SALA,20 ART,,,,,,,,,,,,,,,,,,,,,3o
Jorge Langone,DSG1803,1AB,2,CONTEÚDOS ESTRUTURANTES: PROJETAR EM PARCERIA,TRUE,FALSE,FALSE,FALSE,FALSE,13,15,SALA,20 ART,,,,,,,,,,,,,,,,,,,,,3o
Jorge Langone,DSG1803,1AC,2,CONTEÚDOS ESTRUTURANTES: PROJETAR EM PARCERIA,TRUE,FALSE,FALSE,FALSE,FALSE,13,15,SALA,20 ART,,,,,,,,,,,,,,,,,,,,,3o
Jorge Langone,DSG1803,1AD,2,CONTEÚDOS ESTRUTURANTES: PROJETAR EM PARCERIA,TRUE,FALSE,FALSE,FALSE,FALSE,13,15,SALA,20 ART,,,,,,,,,,,,,,,,,,,,,3o
Jorge Langone,DSG1803,1AE,2,CONTEÚDOS ESTRUTURANTES: PROJETAR EM PARCERIA,TRUE,FALSE,FALSE,FALSE,FALSE,13,15,SALA,20 ART,,,,,,,,,,,,,,,,,,,,,3o
Jorge Langone,DSG1803,1AF,2,CONTEÚDOS ESTRUTURANTES: PROJETAR EM PARCERIA,TRUE,FALSE,FALSE,FALSE,FALSE,13,15,SALA,20 ART,,,,,,,,,,,,,,,,,,,,,3o
Jorge Langone,DSG1804,1AA,2,CONTEÚDOS ESTRUTURANTES: PROJETAR EM SOCIEDADE,FALSE,TRUE,FALSE,FALSE,FALSE,9,11,L260,17 ART,MARIA JULIA MORAES PINTO NUNES,,,,,,,,,,,,,,,,,,,,4o
Jorge Langone,DSG1804,1AB,2,CONTEÚDOS ESTRUTURANTES: PROJETAR EM SOCIEDADE,FALSE,TRUE,FALSE,FALSE,FALSE,9,11,ART3,18 ART,CLAUDIO GOMES WERNECK DE FREITAS,,,,,,,,,,,,,,,,,,,,4o
Jorge Langone,DSG1804,1AC,2,CONTEÚDOS ESTRUTURANTES: PROJETAR EM SOCIEDADE,FALSE,TRUE,FALSE,FALSE,FALSE,9,11,IAG3,18 ART,,,,,,,,,,,,,,,,,,,,,4o
Jorge Langone,DSG1805,1AA,2,CONTEÚDOS ESTRUTURANTES: PROJETAR PARA CONCRETIZAR,TRUE,FALSE,FALSE,FALSE,FALSE,9,11,SALA,21 ART,,,,,,,,,,,,,,,,,,,,,5o
Jorge Langone,DSG1805,1AB,2,CONTEÚDOS ESTRUTURANTES: PROJETAR PARA CONCRETIZAR,TRUE,FALSE,FALSE,FALSE,FALSE,9,11,SALA,21 ART,,,,,,,,,,,,,,,,,,,,,5o
Jorge Langone,DSG1805,1AC,2,CONTEÚDOS ESTRUTURANTES: PROJETAR PARA CONCRETIZAR,TRUE,FALSE,FALSE,FALSE,FALSE,9,11,SALA,22 ART,,,,,,,,,,,,,,,,,,,,,5o
Jorge Langone,DSG1805,1AD,2,CONTEÚDOS ESTRUTURANTES: PROJETAR PARA CONCRETIZAR,TRUE,FALSE,FALSE,FALSE,FALSE,9,11,SALA,22 ART,,,,,,,,,,,,,,,,,,,,,5o
Jorge Langone,DSG1806,1AA,2,CONTEÚDOS ESTRUTURANTES: PROJETAR PARA RESSIGNIFICAR A PRÁTICA,FALSE,FALSE,TRUE,FALSE,FALSE,7,9,L422,12 ART,,,,,,,,,,,,,,,,,,,,,6o
Jorge Langone,DSG1806,1AA,2,CONTEÚDOS ESTRUTURANTES: PROJETAR PARA RESSIGNIFICAR A PRÁTICA,FALSE,FALSE,TRUE,FALSE,FALSE,7,9,L532,12 ART,,,,,,,,,,,,,,,,,,,,,6o
Claudia Bolshaw,DSG1811,1AA,4,ESTÚDIO: OLHAR INTRAMUROS,FALSE,FALSE,FALSE,TRUE,FALSE,13,17,L232,18 CAL,FLAVIA NIZIA DA FONSECA RIBEIRO,2,BARBARA DE OLIVEIRA E CRUZ,1,TATIANA BARBOSA CARVALHO,1,,,,,,,,,,,,,,,1o 
Claudia Bolshaw,DSG1811,1AB,4,ESTÚDIO: OLHAR INTRAMUROS,FALSE,FALSE,FALSE,TRUE,FALSE,13,17,L232,18 CAL,LUIS VICENTE BARROS CARDOSO DE MELO,2,BARBARA DE OLIVEIRA E CRUZ,1,PALESTRA,1,,,,,,,,,,,,,,,1o 
Claudia Bolshaw,DSG1811,1AC,4,ESTÚDIO: OLHAR INTRAMUROS,FALSE,FALSE,FALSE,TRUE,FALSE,13,17,L260,18 CAL,MARIO AUGUSTO PINTO DE SOUZA SEIXAS,2,NATHALIA CHEHAB DE SA CAVALCANTE,1,PALESTRA,,,,,,,,,,,,,,,,1o 
Claudia Bolshaw,DSG1811,1AD,4,ESTÚDIO: OLHAR INTRAMUROS,FALSE,FALSE,FALSE,TRUE,FALSE,13,17,L260,18 CAL,CARLOS ANDRE LAMEIRAO CORTES,2,NATHALIA CHEHAB DE SA CAVALCANTE,1,PALESTRA,1,,,,,,,,,,,,,,,1o 
Claudia Bolshaw,DSG1811,1AE,4,ESTÚDIO: OLHAR INTRAMUROS,FALSE,FALSE,FALSE,TRUE,FALSE,13,17,L532,18 CAL,LUIZA FERRO COSTA MARCIER,2,MARIA CLAUDIA BOLSHAW GOMES,1,PALESTRA,1,,,,,,,,,,,,,,,1o 
Claudia Bolshaw,DSG1811,1AF,4,ESTÚDIO: OLHAR INTRAMUROS,FALSE,FALSE,FALSE,TRUE,FALSE,13,17,L532,18 CAL,CLAUDIO GOMES WERNECK DE FREITAS,2,MARIA CLAUDIA BOLSHAW GOMES,1,PALESTRA,1,,,,,,,,,,,,,,,1o 
Claudia Bolshaw,DSG1811,1AG,4,ESTÚDIO: OLHAR INTRAMUROS,FALSE,FALSE,FALSE,TRUE,FALSE,13,17,SALA,18 CAL,HORISTA A CONTRATAR,,HORISTA A CONTRATAR,1,PALESTRA,1,,,,,,,,,,,,,,,1o 
Isabel Moreira,DSG1812,1AA,4,ESTÚDIO: OLHAR EXTRAMUROS,FALSE,TRUE,FALSE,FALSE,FALSE,13,17,L260,13 ART,,,,,,,,,,,,,,,,,,,,,2o
Isabel Moreira,DSG1812,1AB,4,ESTÚDIO: OLHAR EXTRAMUROS,FALSE,TRUE,FALSE,FALSE,FALSE,13,17,L260,14 ART,,,,,,,,,,,,,,,,,,,,,2o
Isabel Moreira,DSG1812,1AC,4,ESTÚDIO: OLHAR EXTRAMUROS,FALSE,TRUE,FALSE,FALSE,FALSE,13,17,L232,14 ART,,,,,,,,,,,,,,,,,,,,,2o
Isabel Moreira,DSG1812,1AD,4,ESTÚDIO: OLHAR EXTRAMUROS,FALSE,TRUE,FALSE,FALSE,FALSE,13,17,L232,14 ART,,,,,,,,,,,,,,,,,,,,,2o
Isabel Moreira,DSG1812,1AE,4,ESTÚDIO: OLHAR EXTRAMUROS,FALSE,TRUE,FALSE,FALSE,FALSE,13,17,L422,14 ART,,,,,,,,,,,,,,,,,,,,,2o
Isabel Moreira,DSG1812,1AF,4,ESTÚDIO: OLHAR EXTRAMUROS,FALSE,TRUE,FALSE,FALSE,FALSE,13,17,L422,14 ART,,,,,,,,,,,,,,,,,,,,,2o
Renata Mattos,DSG1813,1AA,6,PROJETO: PROJETAR EM PARCERIA,FALSE,FALSE,TRUE,FALSE,FALSE,13,19,ART4,14 ART,,,,,,,,,,,,,,,,,,,,,3o
Renata Mattos,DSG1813,1AB,6,PROJETO: PROJETAR EM PARCERIA,FALSE,FALSE,TRUE,FALSE,FALSE,13,19,ART4,14 ART,,,,,,,,,,,,,,,,,,,,,3o
Renata Mattos,DSG1813,1AC,6,PROJETO: PROJETAR EM PARCERIA,FALSE,FALSE,TRUE,FALSE,FALSE,13,19,ART5,14 ART,,,,,,,,,,,,,,,,,,,,,3o
Renata Mattos,DSG1813,1AD,6,PROJETO: PROJETAR EM PARCERIA,FALSE,FALSE,TRUE,FALSE,FALSE,13,19,ART5,14 ART,,,,,,,,,,,,,,,,,,,,,3o
Renata Mattos,DSG1813,1AE,6,PROJETO: PROJETAR EM PARCERIA,FALSE,FALSE,TRUE,FALSE,FALSE,13,19,SALA,14 ART,,,,,,,,,,,,,,,,,,,,,3o
Renata Mattos,DSG1813,1AF,6,PROJETO: PROJETAR EM PARCERIA,FALSE,FALSE,TRUE,FALSE,FALSE,13,19,SALA,15 ART,,,,,,,,,,,,,,,,,,,,,3o
Guilherme Toledo,DSG1814,1AA,6,PROJETO: PROJETAR EM SOCIEDADE,TRUE,FALSE,FALSE,FALSE,FALSE,9,13,L232,13 ART,,,,,,,,,,,,,,,,,,,,,4o
Guilherme Toledo,DSG1814,1AA,6,PROJETO: PROJETAR EM SOCIEDADE,FALSE,FALSE,TRUE,FALSE,FALSE,11,13,L232,,,,,,,,,,,,,,,,,,,,,,4o
Guilherme Toledo,DSG1814,1AB,6,PROJETO: PROJETAR EM SOCIEDADE,TRUE,FALSE,FALSE,FALSE,FALSE,9,13,L232,13 ART,,,,,,,,,,,,,,,,,,,,,
Guilherme Toledo,DSG1814,1AB,6,PROJETO: PROJETAR EM SOCIEDADE,FALSE,FALSE,TRUE,FALSE,FALSE,11,13,L232,,,,,,,,,,,,,,,,,,,,,,4o
Guilherme Toledo,DSG1814,1AC,6,PROJETO: PROJETAR EM SOCIEDADE,TRUE,FALSE,FALSE,FALSE,FALSE,9,13,L260,13 ART,,,,,,,,,,,,,,,,,,,,,4o
Guilherme Toledo,DSG1814,1AC,6,PROJETO: PROJETAR EM SOCIEDADE,FALSE,FALSE,TRUE,FALSE,FALSE,11,13,L260,,,,,,,,,,,,,,,,,,,,,,
Guilherme Toledo,DSG1814,1AD,6,PROJETO: PROJETAR EM SOCIEDADE,TRUE,FALSE,FALSE,FALSE,FALSE,9,13,L260,14 ART,,,,,,,,,,,,,,,,,,,,,
Guilherme Toledo,DSG1814,1AD,6,PROJETO: PROJETAR EM SOCIEDADE,FALSE,FALSE,TRUE,FALSE,FALSE,11,13,L260,,,,,,,,,,,,,,,,,,,,,,
Augusto Seibel,DSG1815,1AA,6,PROJETO: PROJETAR PARA CONCRETIZAR,TRUE,FALSE,FALSE,FALSE,FALSE,11,13,ART1,14 ART,,,,,,,,,,,,,,,,,,,,,5o
Augusto Seibel,DSG1815,1AA,6,PROJETO: PROJETAR PARA CONCRETIZAR,FALSE,FALSE,TRUE,FALSE,FALSE,9,13,ART1,,,,,,,,,,,,,,,,,,,,,,
Augusto Seibel,DSG1815,1AB,6,PROJETO: PROJETAR PARA CONCRETIZAR,TRUE,FALSE,FALSE,FALSE,FALSE,11,13,ART1,14 ART,,,,,,,,,,,,,,,,,,,,,5o
Augusto Seibel,DSG1815,1AB,6,PROJETO: PROJETAR PARA CONCRETIZAR,FALSE,FALSE,TRUE,FALSE,FALSE,9,13,ART1,,,,,,,,,,,,,,,,,,,,,,
Augusto Seibel,DSG1815,1AC,6,PROJETO: PROJETAR PARA CONCRETIZAR,TRUE,FALSE,FALSE,FALSE,FALSE,11,13,ART2,14 ART,,,,,,,,,,,,,,,,,,,,,5o
Augusto Seibel,DSG1815,1AC,6,PROJETO: PROJETAR PARA CONCRETIZAR,FALSE,FALSE,TRUE,FALSE,FALSE,9,13,ART2,,,,,,,,,,,,,,,,,,,,,,
Augusto Seibel,DSG1815,1AD,6,PROJETO: PROJETAR PARA CONCRETIZAR,TRUE,FALSE,FALSE,FALSE,FALSE,11,13,ART2,15 ART,,,,,,,,,,,,,,,,,,,,,5o
Augusto Seibel,DSG1815,1AD,6,PROJETO: PROJETAR PARA CONCRETIZAR,FALSE,FALSE,TRUE,FALSE,FALSE,9,13,ART2,,,,,,,,,,,,,,,,,,,,,,
Augusto Seibel,DSG1815,1AE,6,PROJETO: PROJETAR PARA CONCRETIZAR,TRUE,FALSE,FALSE,FALSE,FALSE,11,13,ART3,14 ART,,,,,,,,,,,,,,,,,,,,,5o
Augusto Seibel,DSG1815,1AE,6,PROJETO: PROJETAR PARA CONCRETIZAR,FALSE,FALSE,TRUE,FALSE,FALSE,9,13,ART3,,,,,,,,,,,,,,,,,,,,,,
Augusto Seibel,DSG1815,1AF,6,PROJETO: PROJETAR PARA CONCRETIZAR,TRUE,FALSE,FALSE,FALSE,FALSE,11,13,ART3,15 ART,,,,,,,,,,,,,,,,,,,,,5o
Augusto Seibel,DSG1815,1AF,6,PROJETO: PROJETAR PARA CONCRETIZAR,FALSE,FALSE,TRUE,FALSE,FALSE,9,13,ART3,,,,,,,,,,,,,,,,,,,,,,
Luiza Marcier,DSG1816,1AA,6,PROJETO: PROJETAR PARA  RESSIGNIFICAR A  PRÁTICA,TRUE,FALSE,FALSE,FALSE,FALSE,11,13,L532,12 ART,,,,,,,,,,,,,,,,,,,,,6o
Luiza Marcier,DSG1816,1AA,6,PROJETO: PROJETAR PARA  RESSIGNIFICAR A  PRÁTICA,FALSE,FALSE,TRUE,FALSE,FALSE,9,13,L532,,,,,,,,,,,,,,,,,,,,,,6o
Luiza Marcier,DSG1816,1AB,6,PROJETO: PROJETAR PARA  RESSIGNIFICAR A  PRÁTICA,TRUE,FALSE,FALSE,FALSE,FALSE,11,13,L532,12 ART,,,,,,,,,,,,,,,,,,,,,
Luiza Marcier,DSG1816,1AB,6,PROJETO: PROJETAR PARA  RESSIGNIFICAR A  PRÁTICA,FALSE,FALSE,TRUE,FALSE,FALSE,9,13,L532,,,,,,,,,,,,,,,,,,,,,,
Luiza Marcier,DSG1821,1AA,2,HISTORIA E TEORIA DO DESIGN I,FALSE,TRUE,FALSE,FALSE,FALSE,15,17,ART2,18 CAL,IRINA ARAGAO DOS SANTOS,2,,,,,,,,,,,,,,,,,,,1o 
Luiza Marcier,DSG1821,1AB,2,HISTORIA E TEORIA DO DESIGN I,FALSE,TRUE,FALSE,FALSE,FALSE,11,13,SALA,18 CAL,LUIZA FERRO COSTA MARCIER,,,,,,,,,,,,,,,,,,,,1o 
Luiza Marcier,DSG1821,1AC,2,HISTÓRIA E TEORIA DO DESIGN I,TRUE,FALSE,FALSE,FALSE,FALSE,11,13,SALA,18 CAL,HORISTA A CONTRATAR,2,,,,,,,,,,,,,,,,,,,1o 
Luiza Marcier,DSG1821,1AD,2,HISTORIA E TEORIA DO DESIGN I,FALSE,TRUE,FALSE,FALSE,FALSE,15,17,SALA,18 CAL,FLAVIA NIZIA DA FONSECA RIBEIRO,2,,,,,,,,,,,,,,,,,,,1o 
Luiza Marcier,DSG1821,1AE,2,HISTORIA E TEORIA DO DESIGN I,FALSE,TRUE,FALSE,FALSE,FALSE,17,19,SALA,18 CAL,LUIZA FERRO COSTA MARCIER,2,,,,,,,,,,,,,,,,,,,1o 
Luiza Marcier,DSG1821,1AF,2,HISTORIA E TEORIA DO DESIGN I,FALSE,TRUE,FALSE,FALSE,FALSE,17,19,SALA,18 CAL,HORISTA A CONTRATAR,,,,,,,,,,,,,,,,,,,,1o 
Luiza Marcier,DSG1821,1AG,2,HISTORIA E TEORIA DO DESIGN I,FALSE,TRUE,FALSE,FALSE,FALSE,15,17,SALA,18 CAL,HORISTA A CONTRATAR,,,,,,,,,,,,,,,,,,,,1o 
Luiza Marcier,DSG1822,1AA,2,HISTORIA DO DESIGN BRASILEIRO,FALSE,FALSE,FALSE,FALSE,FALSE,__,__,SALA,,,,,,,,,,,,,,,,,,,,,,2o
Luiza Marcier,DSG1823,1AA,2,HISTÓRIA E TEORIA DO DESIGN II,FALSE,FALSE,FALSE,FALSE,FALSE,__,__,SALA,,,,,,,,,,,,,,,,,,,,,,3o
Luiza Marcier,DSG1824,1AA,2,TEORIA DO OBJETO,FALSE,FALSE,FALSE,FALSE,TRUE,9,11,VIRTUAL,22 ART,JOAO VICTOR AZEVEDO DE MENEZES CORREIA DE MELO,,,,,,,,,,,,,,,,,,,,5o
Luiza Marcier,DSG1824,1AB,2,TEORIA DO OBJETO,FALSE,FALSE,FALSE,FALSE,TRUE,9,11,VIRTUAL,22 ART,IRINA ARAGAO DOS SANTOS,,,,,,,,,,,,,,,,,,,,5o
Luiza Marcier,DSG1824,1AC,2,TEORIA DO OBJETO,FALSE,FALSE,FALSE,FALSE,TRUE,11,13,VIRTUAL,22 ART,,,,,,,,,,,,,,,,,,,,,5o
Luiza Marcier,DSG1824,1AD,2,TEORIA DO OBJETO,FALSE,FALSE,FALSE,FALSE,TRUE,11,13,VIRTUAL,22 ART,,,,,,,,,,,,,,,,,,,,,5o
Luiza Marcier,DSG1825,1AA,2,HISTÓRIA DA ARTE,FALSE,FALSE,FALSE,FALSE,TRUE,9,11,VIRTUAL,22 ART,,,,,,,,,,,,,,,,,,,,,5o
Luiza Marcier,DSG1825,1AB,2,HISTÓRIA DA ARTE,FALSE,FALSE,FALSE,FALSE,TRUE,9,11,VIRTUAL,22 ART,,,,,,,,,,,,,,,,,,,,,5o
Luiza Marcier,DSG1825,1AC,2,HISTÓRIA DA ARTE,FALSE,FALSE,FALSE,FALSE,TRUE,11,13,VIRTUAL,22 ART,JORGE LANGONE,,,,,,,,,,,,,,,,,,,,5o
Luiza Marcier,DSG1825,1AD,2,HISTÓRIA DA ARTE,FALSE,FALSE,FALSE,FALSE,TRUE,11,13,VIRTUAL,22 ART,LUIZA MARIA INTERLENGHI,,,,,,,,,,,,,,,,,,,,5o
Eliane Garcia,DSG1826,1AA,2,QUESTÕES EM ÊNFASE,FALSE,TRUE,FALSE,FALSE,FALSE,9,11,SALA,20 ART,,,,,,,,,,,,,,,,,,,,,6o
Eliane Garcia,DSG1826,1AB,2,QUESTÕES EM ÊNFASE,FALSE,TRUE,FALSE,FALSE,FALSE,9,11,SALA,20 ART,,,,,,,,,,,,,,,,,,,,,6o
,DSG1831/DSG1302,,,,FALSE,FALSE,FALSE,FALSE,FALSE,,,,,,,,,,,,,,,,,,,,,,,,,
Luiza Marcier,DSG1832,1AA,2,HISTÓRIA DA INDUMENTÁRIA,TRUE,FALSE,FALSE,FALSE,FALSE,9,11,SALA,22 ART,,,,,,,,,,,,,,,,,,,,,Optativas de Historia da Arte e do Design
Izabel Oliveira,DSG1841,1AA,4,LINGUAGEM E COMUNICAÇÃO NO DESIGN,TRUE,FALSE,TRUE,FALSE,FALSE,15,17,L422,18 CAL,EVELYN GRUMACH,4,,,,,,,,,,,,,,,,,,,1o 
Izabel Oliveira,DSG1841,1AB,4,LINGUAGEM E COMUNICAÇÃO NO DESIGN,TRUE,FALSE,TRUE,FALSE,FALSE,13,15,SALA,18 CAL,SUZANA VALLADARES FONSECA,,,,,,,,,,,,,,,,,,,,1o 
Izabel Oliveira,DSG1841,1AC,4,LINGUAGEM E COMUNICAÇÃO NO DESIGN,TRUE,FALSE,TRUE,FALSE,FALSE,13,15,F100,18 CAL,JULIETA COSTA SOBRAL,4,,,,,,,,,,,,,,,,,,,1o 
Izabel Oliveira,DSG1841,1AD,4,LINGUAGEM E COMUNICAÇÃO NO DESIGN,TRUE,FALSE,TRUE,FALSE,FALSE,13,15,L232,18 CAL,ROMULO MIYAZAWA MATTEONI,4,,,,,,,,,,,,,,,,,,,1o 
Izabel Oliveira,DSG1841,1AE,4,LINGUAGEM E COMUNICAÇÃO NO DESIGN,TRUE,FALSE,TRUE,FALSE,FALSE,17,19,SALA,18 CAL,HORISTA A CONTRATAR,4,,,,,,,,,,,,,,,,,,,1o 
Izabel Oliveira,DSG1841,1AF,4,LINGUAGEM E COMUNICAÇÃO NO DESIGN,TRUE,FALSE,TRUE,FALSE,FALSE,17,19,SALA,18 CAL,HORISTA A CONTRATAR,4,,,,,,,,,,,,,,,,,,,1o 
Izabel Oliveira,DSG1841,1AG,4,LINGUAGEM E COMUNICAÇÃO NO DESIGN,TRUE,FALSE,TRUE,FALSE,FALSE,13,15,SALA,18 CAL,HORISTA A CONTRATAR,4,,,,,,,,,,,,,,,,,,,1o 
João Bonelli,DSG1842,1AA,4,IMAGEM FOTOGRÁFICA E IMAGEM AUDIOVISUAL,TRUE,FALSE,TRUE,FALSE,FALSE,11,13,F100,18 CAL,ALEXANDRE CANTINI REZENDE,2,FLAVIO MARQUES DE CARVALHO JUNIOR,2,,,,,,,,,,,,,,,,,1o 
João Bonelli,DSG1842,1AB,4,IMAGEM FOTOGRÁFICA E IMAGEM AUDIOVISUAL,TRUE,FALSE,TRUE,FALSE,FALSE,11,13,K15,18 CAL,ELIANE GARCIA PEREIRA,2,LUIZ EDUARDO DUTRA COELHO DA ROCHA,2,,,,,,,,,,,,,,,,,1o 
João Bonelli,DSG1842,1AC,4,IMAGEM FOTOGRÁFICA E IMAGEM AUDIOVISUAL,FALSE,TRUE,FALSE,TRUE,FALSE,11,13,F100,18 CAL,HORISTA A CONTRATAR,2,HORISTA A CONTRATAR,2,,,,,,,,,,,,,,,,,1o 
João Bonelli,DSG1842,1AD,4,IMAGEM FOTOGRÁFICA E IMAGEM AUDIOVISUAL,FALSE,TRUE,FALSE,TRUE,FALSE,11,13,K15,18 CAL,HORISTA A CONTRATAR,2,HORISTA A CONTRATAR,2,,,,,,,,,,,,,,,,,1o 
João Bonelli,DSG1842,1AE,4,IMAGEM FOTOGRÁFICA E IMAGEM AUDIOVISUAL,TRUE,FALSE,TRUE,FALSE,FALSE,13,15,F100,18 CAL,LUIZ EDUARDO DUTRA COELHO DA ROCHA,2,FLAVIO MARQUES DE CARVALHO JUNIOR,2,,,,,,,,,,,,,,,,,1o 
João Bonelli,DSG1842,1AF,4,IMAGEM FOTOGRÁFICA E IMAGEM AUDIOVISUAL,TRUE,FALSE,TRUE,FALSE,FALSE,13,15,K15,18 CAL,HORISTA A CONTRATAR,2,HORISTA A CONTRATAR,2,,,,,,,,,,,,,,,,,1o 
João Bonelli,DSG1842,1AG,4,IMAGEM FOTOGRÁFICA E IMAGEM AUDIOVISUAL,TRUE,FALSE,TRUE,FALSE,FALSE,15,17,F100,18 CAL,FLAVIO MARQUES DE CARVALHO JUNIOR,2,ALEXANDRE CANTINI REZENDE,2,,,,,,,,,,,,,,,,,1o 
João Bonelli,DSG1842,1AH,4,IMAGEM FOTOGRÁFICA E IMAGEM AUDIOVISUAL,TRUE,FALSE,TRUE,FALSE,FALSE,15,17,K15,20 ART,HORISTA A CONTRATAR,2,HORISTA A CONTRATAR,2,,,,,,,,,,,,,,,,,1o 
Izabel Oliveira,DSG1843,1AA,2,LINGUAGEM GRÁFICA ,FALSE,FALSE,FALSE,TRUE,FALSE,11,13,L532,18 CAL,HORISTA A CONTRATAR,2,,,,,,,,,,,,,,,,,,,1o 
Izabel Oliveira,DSG1843,1AB,2,LINGUAGEM GRÁFICA ,FALSE,FALSE,FALSE,TRUE,FALSE,11,13,L232,18 CAL,HORISTA A CONTRATAR,2,,,,,,,,,,,,,,,,,,,1o 
Izabel Oliveira,DSG1843,1AC,2,LINGUAGEM GRÁFICA ,FALSE,FALSE,TRUE,FALSE,FALSE,11,13,L260,18 CAL,PRISCILA ANDRADE SILVA,2,,,,,,,,,,,,,,,,,,,1o 
Izabel Oliveira,DSG1843,1AD,2,LINGUAGEM GRÁFICA ,FALSE,FALSE,TRUE,FALSE,FALSE,11,13,L658,18 CAL,HORISTA A CONTRATAR,2,,,,,,,,,,,,,,,,,,,1o 
Izabel Oliveira,DSG1843,1AE,2,LINGUAGEM GRÁFICA ,FALSE,FALSE,FALSE,TRUE,FALSE,17,19,SALA,18 CAL,JOSE AUGUSTO BRANDAO ESTELLITA LINS,2,,,,,,,,,,,,,,,,,,,1o 
Izabel Oliveira,DSG1843,1AF,2,LINGUAGEM GRÁFICA ,FALSE,FALSE,FALSE,TRUE,FALSE,17,19,SALA,18 CAL,NATHALIA CHEHAB DE SA CAVALCANTE,2,,,,,,,,,,,,,,,,,,,1o 
Izabel Oliveira,DSG1843,1AG,2,LINGUAGEM GRÁFICA ,FALSE,FALSE,FALSE,TRUE,FALSE,17,19,SALA,18 CAL,ANDRE LUIS FERREIRA BELTRAO,2,,,,,,,,,,,,,,,,,,,1o 
João Bonelli,DSG1844,1AA,2,DESENHO DE OBSERVAÇÃO,FALSE,TRUE,FALSE,FALSE,FALSE,11,13,SALA,18 CAL,EDUARDO ROCHA DE OLIVEIRA FILHO,2,,,,,,,,,,,,,,,,,,,1o 
João Bonelli,DSG1844,1AB,2,DESENHO DE OBSERVAÇÃO,FALSE,TRUE,FALSE,FALSE,FALSE,15,17,SALA,18 CAL,HORISTA A CONTRATAR,,,,,,,,,,,,,,,,,,,,1o 
João Bonelli,DSG1844,1AC,2,DESENHO DE OBSERVAÇÃO,FALSE,TRUE,FALSE,FALSE,FALSE,15,17,SALA,18 CAL,LUCIANA BARBOSA DE SOUSA,2,,,,,,,,,,,,,,,,,,,1o 
João Bonelli,DSG1844,1AD,2,DESENHO DE OBSERVAÇÃO,TRUE,FALSE,FALSE,FALSE,FALSE,11,13,SALA,18 CAL,NATHALIA CHEHAB DE SA CAVALCANTE,2,,,,,,,,,,,,,,,,,,,1o 
João Bonelli,DSG1844,1AE,2,DESENHO DE OBSERVAÇÃO,FALSE,TRUE,FALSE,FALSE,FALSE,15,17,SALA,18 CAL,CARLOS ANDRE LAMEIRAO CORTES,2,,,,,,,,,,,,,,,,,,,1o 
João Bonelli,DSG1844,1AF,2,DESENHO DE OBSERVAÇÃO,FALSE,TRUE,FALSE,FALSE,FALSE,15,17,SALA,18 CAL,HORISTA A CONTRATAR,2,,,,,,,,,,,,,,,,,,,1o 
João Bonelli,DSG1844,1AG,2,DESENHO DE OBSERVAÇÃO,FALSE,TRUE,FALSE,FALSE,FALSE,17,19,SALA,18 CAL,CARLOS ANDRE LAMEIRAO CORTES,2,,,,,,,,,,,,,,,,,,,1o 
Izabel Oliveira,DSG1845,1AA,3,"LINGUAGEM, COMUNICAÇÃO E DISCURSO NO DESIGN I",FALSE,FALSE,FALSE,FALSE,FALSE,__,__,SALA,,,,,,,,,,,,,,,,,,,,,,2o
Izabel Oliveira,DSG1846,1AA,2,GEOMETRIA NO DESIGN,FALSE,FALSE,FALSE,FALSE,FALSE,__,__,SALA,,,,,,,,,,,,,,,,,,,,,,2o
João Bonelli,DSG1847,1AA,4,DESENHO DE CONCEPÇÃO,FALSE,FALSE,FALSE,FALSE,FALSE,__,__,SALA,,,,,,,,,,,,,,,,,,,,,,2o
Izabel Oliveira,DSG1848,1AA,3,PLÁSTICA,FALSE,FALSE,FALSE,FALSE,FALSE,__,__,SALA,,,,,,,,,,,,,,,,,,,,,,2o
Izabel Oliveira,DSG1849,1AA,4,O CORPO HUMANO COMO QUESTÃO EM DESIGN,FALSE,FALSE,FALSE,FALSE,FALSE,__,__,SALA,,,,,,,,,,,,,,,,,,,,,,3o
Izabel Oliveira,DSG1850,1AA,2,"LINGUAGEM, COMUNICAÇÃO E DISCURSO NO DESIGN II",FALSE,FALSE,FALSE,FALSE,FALSE,__,__,SALA,,,,,,,,,,,,,,,,,,,,,,3o
Izabel Oliveira,DSG1851,1AA,2,GEOMETRIA DESCRITIVA,FALSE,FALSE,FALSE,FALSE,FALSE,__,__,SALA,,,,,,,,,,,,,,,,,,,,,,3o
Izabel Oliveira,DSG1852,1AA,2,FUNDAMENTOS EM ERGODESIGN,FALSE,FALSE,TRUE,FALSE,FALSE,9,11,SALA,20 ART,,,,,,,,,,,,,,,,,,,,,4o
Izabel Oliveira,DSG1852,1AB,2,FUNDAMENTOS EM ERGODESIGN,FALSE,FALSE,TRUE,FALSE,FALSE,9,11,SALA,20 ART,,,,,,,,,,,,,,,,,,,,,4o
Izabel Oliveira,DSG1853,1AA,2,DESENHO TÉCNICO,FALSE,TRUE,FALSE,FALSE,FALSE,11,13,SALA,13 ART,,,,,,,,,,,,,,,,,,,,,4o
Izabel Oliveira,DSG1853,1AB,2,DESENHO TÉCNICO,FALSE,TRUE,FALSE,FALSE,FALSE,11,13,SALA,13 ART,,,,,,,,,,,,,,,,,,,,,4o
Izabel Oliveira,DSG1853,1AC,2,DESENHO TÉCNICO,FALSE,FALSE,FALSE,TRUE,FALSE,11,13,SALA,13 ART,,,,,,,,,,,,,,,,,,,,,4o
Izabel Oliveira,DSG1853,1AD,2,DESENHO TÉCNICO,FALSE,FALSE,TRUE,FALSE,FALSE,13,15,SALA,13 ART,ALESSANDRA CARUSI MACHADO,,,,,,,,,,,,,,,,,,,,4o
Izabel Oliveira,DSG1854,1AA,4,LINGUAGEM E ESTRUTURAS,TRUE,FALSE,TRUE,FALSE,FALSE,7,9,L260,20 ART,,,,,,,,,,,,,,,,,,,,,4o
Izabel Oliveira,DSG1854,1AB,4,LINGUAGEM E ESTRUTURAS,TRUE,FALSE,TRUE,FALSE,FALSE,7,9,SALA,20 ART,,,,,,,,,,,,,,,,,,,,,4o
Izabel Oliveira,DSG1855,1AA,3,"LINGUAGEM, COMUNICAÇÃO E DISCURSO NO DESIGN III",FALSE,TRUE,FALSE,FALSE,FALSE,9,12,ART4,22 ART,RIAN OLIVEIRA REZENDE,,,,,,,,,,,,,,,,,,,,5o
Izabel Oliveira,DSG1855,1AB,3,"LINGUAGEM, COMUNICAÇÃO E DISCURSO NO DESIGN III",FALSE,TRUE,FALSE,FALSE,FALSE,9,12,ART5,22 ART,MARIA CLAUDIA BOLSHAW GOMES,,,,,,,,,,,,,,,,,,,,5o
Izabel Oliveira,DSG1855,1AC,3,"LINGUAGEM, COMUNICAÇÃO E DISCURSO NO DESIGN III",FALSE,TRUE,FALSE,FALSE,FALSE,9,12,SALA,22 ART,,,,,,,,,,,,,,,,,,,,,5o
Izabel Oliveira,DSG1855,1AD,3,"LINGUAGEM, COMUNICAÇÃO E DISCURSO NO DESIGN III",FALSE,TRUE,FALSE,FALSE,FALSE,9,12,SALA,22 ART,,,,,,,,,,,,,,,,,,,,,5o
Izabel Oliveira,DSG1856,1AA,2,BIONICA,FALSE,TRUE,FALSE,FALSE,FALSE,7,9,ART5,22 ART,JOAO VICTOR AZEVEDO DE MENEZES CORREIA DE MELO,,,,,,,,,,,,,,,,,,,,5o
Izabel Oliveira,DSG1856,1AB,2,BIONICA,FALSE,TRUE,FALSE,FALSE,FALSE,7,9,SALA,22 ART,,,,,,,,,,,,,,,,,,,,,
Izabel Oliveira,DSG1856,1AC,2,BIONICA,FALSE,FALSE,FALSE,TRUE,FALSE,7,9,L260,22 ART,EVELYN GRUMACH,,,,,,,,,,,,,,,,,,,,
Izabel Oliveira,DSG1856,1AD,2,BIONICA,FALSE,FALSE,FALSE,TRUE,FALSE,7,9,SALA,22 ART,,,,,,,,,,,,,,,,,,,,,
Izabel Oliveira,DSG1857,1AA,2,ERGODESIGN,FALSE,FALSE,TRUE,FALSE,FALSE,7,9,ART3,17 ART,ISABELA CANELLAS DA MOTTA,,,,,,,,,,,,,,,,,,,,6o
Izabel Oliveira,DSG1857,1AB,2,ERGODESIGN,FALSE,FALSE,TRUE,FALSE,FALSE,9,11,L120,17 ART,CLAUDIA STAMATO,,,,,,,,,,,,,,,,,,,,6o
Izabel Oliveira,DSG1857,1AC,2,ERGODESIGN,FALSE,FALSE,TRUE,FALSE,FALSE,11,13,L232,17 ART,CLAUDIA MARIA MONTEIRO VIANNA,,,,,,,,,,,,,,,,,,,,6o
João Bonelli,DSG1861,1AA,2,PRÁTICAS EXPERIMENTAIS I,FALSE,FALSE,FALSE,FALSE,FALSE,__,__,SALA,,,,,,,,,,,,,,,,,,,,,,3o
João Bonelli,DSG1862,1AA,2,PRÁTICAS EXPERIMENTAIS II,FALSE,TRUE,FALSE,FALSE,FALSE,7,9,K15,20 ART,,,,,,,,,,,,,,,,,,,,,4o
João Bonelli,DSG1862,1AB,2,PRÁTICAS EXPERIMENTAIS II,FALSE,FALSE,FALSE,TRUE,FALSE,7,9,K15,20 ART,,,,,,,,,,,,,,,,,,,,,4o
João Bonelli,DSG1863,1AA,4,PRÁTICAS EXPERIMENTAIS III,TRUE,FALSE,TRUE,FALSE,FALSE,7,9,K15,18 ART,LUIZ TORRES LUDWIG,,,,,,,,,,,,,,,,,,,,5o
João Bonelli,DSG1863,1AB,4,PRÁTICAS EXPERIMENTAIS III,TRUE,FALSE,TRUE,FALSE,FALSE,7,9,LIFE,18 ART,JOAO DE SA BONELLI,,,,,,,,,,,,,,,,,,,,5o
João Bonelli,DSG1863,1AC,4,PRÁTICAS EXPERIMENTAIS III,TRUE,FALSE,TRUE,FALSE,FALSE,7,9,F100,18 ART,LUIZA FERRO COSTA MARCIER,,,,,,,,,,,,,,,,,,,,5o
João Bonelli,DSG1863,1AD,4,PRÁTICAS EXPERIMENTAIS III,TRUE,FALSE,TRUE,FALSE,FALSE,7,9,LAIA,18 ART,,,,,,,,,,,,,,,,,,,,,5o
João Bonelli,DSG1863,1AE,4,PRÁTICAS EXPERIMENTAIS III,TRUE,FALSE,TRUE,FALSE,FALSE,7,9,SALA,18 ART,,,,,,,,,,,,,,,,,,,,,5o
João Bonelli,DSG1864,1AA,4,PRÁTICAS EXPERIMENTAIS IV,FALSE,FALSE,FALSE,FALSE,FALSE,__,__,SALA,,,,,,,,,,,,,,,,,,,,,,Optativas de Praticas Experimentais
João Bonelli,DSG1865,1AA,4,PRÁTICAS EXPERIMENTAIS V,FALSE,FALSE,FALSE,FALSE,FALSE,__,__,SALA,,,,,,,,,,,,,,,,,,,,,,Optativas de Praticas Experimentais
João Bonelli,DSG1866,1AA,2,PRÁTICAS EXPERIMENTAIS VI,FALSE,FALSE,FALSE,TRUE,FALSE,9,11,K15,20 ART,HELENA CAVALCANTI DE ALBUQUERQUE,,,,,,,,,,,,,,,,,,,,Optativas de Praticas Experimentais
João Bonelli,DSG1867,1AA,2,PRÁTICAS EXPERIMENTAIS VII,FALSE,FALSE,FALSE,TRUE,FALSE,9,11,LABMET,20 ART,MARIA ELOISA DE JESUS CONCEIÇÃO,,,,,,,,,,,,,,,,,,,,Optativas de Praticas Experimentais
Eliane Garcia,DSG1900,1AA,4,PROJETO INTERDISCIPLINAR DE ÊNFASE,TRUE,FALSE,FALSE,FALSE,FALSE,7,11,L422,18 ART,LUIS VICENTE BARROS CARDOSO DE MELO,4,,,,,,,,,,,,,,,,,,,OPTATIVA DE OFICINA DE ENFASE
Eliane Garcia,DSG1900,1AB,4,PROJETO INTERDISCIPLINAR DE ÊNFASE,TRUE,FALSE,FALSE,FALSE,FALSE,7,11,L422,20 ART,PRISCILA ANDRADE SILVA,4,,,,,,,,,,,,,,,,,,,OPTATIVA DE OFICINA DE ENFASE
Eliane Garcia,DSG1900,1AC,4,PROJETO INTERDISCIPLINAR DE ÊNFASE,TRUE,FALSE,FALSE,FALSE,FALSE,7,11,SALA,18 ART,NATHALIA CHEHAB DE SA CAVALCANTE,4,,,,,,,,,,,,,,,,,,,OPTATIVA DE OFICINA DE ENFASE
Eliane Garcia,DSG1900,1AD,4,PROJETO INTERDISCIPLINAR DE ÊNFASE,TRUE,FALSE,FALSE,FALSE,FALSE,7,11,SALA,20 ART,FLAVIO MARQUES DE CARVALHO JUNIOR,4,,,,,,,,,,,,,,,,,,,OPTATIVA DE OFICINA DE ENFASE
Eliane Garcia,DSG1901,1AA,2,ESTÁGIO,TRUE,FALSE,FALSE,FALSE,FALSE,11,13,L260,25 ART,LEONARDO CARDARELLI LEITE,,,,,,,,,,,,,,,,,,,,7o
Eliane Garcia,DSG1901,1AB,2,ESTÁGIO,TRUE,FALSE,FALSE,FALSE,FALSE,11,13,SALA,25 ART,MONICA SABOIA SADDI,,,,,,,,,,,,,,,,,,,,7o
Eliane Garcia,DSG1901,1AC,2,ESTÁGIO,TRUE,FALSE,FALSE,FALSE,FALSE,11,13,SALA,25 ART,HORISTA A CONTRATAR,,,,,,,,,,,,,,,,,,,,7o
Eliane Garcia,DSG1901,1AD,2,ESTÁGIO,FALSE,FALSE,TRUE,FALSE,FALSE,11,13,SALA,25 ART,MONICA SABOIA SADDI,,,,,,,,,,,,,,,,,,,,7o
Eliane Garcia,DSG1901,1AD,2,ESTÁGIO,FALSE,FALSE,FALSE,FALSE,TRUE,7,9,L422,25 ART,GILBERTO MENDES CORREIA JUNIOR,,,,,,,,,,,,,,,,,,,,7o
Eliane Garcia,DSG1902,1AA,2,DOCUMENTAÇÃO DE PROJETO PARA TCC EM DESIGN,FALSE,FALSE,TRUE,FALSE,FALSE,7,9,VIRTUAL,18 ART,IZABEL MARIA DE OLIVEIRA,2,,,,,,,,,,,,,,,,,,,7o
Eliane Garcia,DSG1902,1AB,2,DOCUMENTAÇÃO DE PROJETO PARA TCC EM DESIGN,FALSE,FALSE,TRUE,FALSE,FALSE,7,9,VIRTUAL,18 ART,MARIA JULIA MORAES PINTO NUNES,2,,,,,,,,,,,,,,,,,,,7o
Eliane Garcia,DSG1902,1AC,2,DOCUMENTAÇÃO DE PROJETO PARA TCC EM DESIGN,FALSE,FALSE,TRUE,FALSE,FALSE,7,9,VIRTUAL,18 ART,VERA LUCIA MOREIRA DOS SANTOS NOJIMA,2,,,,,,,,,,,,,,,,,,,7o
Eliane Garcia,DSG1902,1AD,2,DOCUMENTAÇÃO DE PROJETO PARA TCC EM DESIGN,FALSE,FALSE,TRUE,FALSE,FALSE,7,9,VIRTUAL,18 ART,HORISTA A CONTRATAR,,,,,,,,,,,,,,,,,,,,7o
Eliane Garcia,DSG1902,1AE,2,DOCUMENTAÇÃO DE PROJETO PARA TCC EM DESIGN,FALSE,FALSE,TRUE,FALSE,FALSE,7,9,VIRTUAL,18 ART,HORISTA A CONTRATAR,,,,,,,,,,,,,,,,,,,,7o
Izabel Oliveira,DSG1910,1AA,3,ANTEPROJETO FINAL COMUN/ARTE,FALSE,FALSE,TRUE,FALSE,FALSE,9,12,VIRTUAL,12 ART,RITA MARIA DE SOUZA COUTO,,,,,,,,,,,,,,,,,,,,7o
Izabel Oliveira,DSG1910,1AB,3,ANTEPROJETO FINAL COMUN/ARTE,FALSE,FALSE,TRUE,FALSE,FALSE,9,12,VIRTUAL,12 ART,ROBERTA PORTAS GONCALVES RODRIGUES,,,,,,,,,,,,,,,,,,,,7o
Izabel Oliveira,DSG1910,1AC,3,ANTEPROJETO FINAL COMUN/ARTE,FALSE,FALSE,TRUE,FALSE,FALSE,9,12,VIRTUAL,12 ART,CARLOS EDUARDO FELIX DA COSTA,,,,,,,,,,,,,,,,,,,,7o
Izabel Oliveira,DSG1911,1AA,3,ANTEPROJETO FINAL CORPO E MODA,FALSE,FALSE,TRUE,FALSE,FALSE,9,12,VIRTUAL,12 ART,NILTON GONCALVES GAMBA JUNIOR,,,,,,,,,,,,,,,,,,,,7o
Felipe Rangel,DSG1912,1AA,3,ANTEPROJETO FINAL ESTRA-GESTAO,FALSE,FALSE,TRUE,FALSE,FALSE,9,12,VIRTUAL,12 ART,,,,,,,,,,,,,,,,,,,,,7o
João Bonelli,DSG1913,1AA,3,ANTEPROJETO FINAL EXP/DIGITAL,FALSE,FALSE,TRUE,FALSE,FALSE,9,12,VIRTUAL,12 ART,CLAUDIA RENATA MONT ALVAO BASTOS RODRIGUES,,,,,,,,,,,,,,,,,,,,7o
Claudia Kayat,DSG1914,1AA,3,ANTEPROJETO FINAL PROD INOVACA,FALSE,FALSE,TRUE,FALSE,FALSE,9,12,VIRTUAL,12 ART,VERA MARIA MARSICANO DAMAZIO,,,,,,,,,,,,,,,,,,,,7o
Daniel Malaguti,DSG1915,1AA,3,ANTEPROJETO FINAL SUSTENTABILI,FALSE,FALSE,TRUE,FALSE,FALSE,9,12,VIRTUAL,12 ART,,,,,,,,,,,,,,,,,,,,,7o
Izabel Oliveira,DSG1920,1AA,8,PROJ FINAL COMUNICACAO E ARTE,TRUE,FALSE,TRUE,FALSE,FALSE,9,13,SALA,10 ART,IZABEL MARIA DE OLIVEIRA,4,,,,,,,,,,,,,,,,,,,8o
Isabel Moreira,DSG1921,1AA,8,PROJETO FINAL CORPO E MODA,FALSE,FALSE,FALSE,FALSE,FALSE,__,__,SALA,0,,,,,,,,,,,,,,,,,,,,,8o
Felipe Rangel,DSG1922,1AA,8,PROJ FINAL ESTRATEGIA E GESTAO,FALSE,FALSE,FALSE,FALSE,FALSE,__,__,SALA,0,,,,,,,,,,,,,,,,,,,,,8o
João Bonelli,DSG1923,1AA,8,PROJ FINAL EXPERIENCIA DIGITA,TRUE,FALSE,TRUE,FALSE,FALSE,9,13,SALA,3 ART,JOAO DE SA BONELLI,4,MARIA DAS GRACAS DE ALMEIDA CHAGAS,2,MARCELO FERNANDES PEREIRA,2,,,,,,,,,,,,,,,8o
Claudia Kayat,DSG1924,1AA,8,PROJ FINAL PRODUTO INOVACAO,TRUE,FALSE,TRUE,FALSE,FALSE,9,13,SALA,2 ART,CLAUDIA HABIB KAYAT,4,,,,,,,,,,,,,,,,,,,8o
Daniel Malaguti,DSG1925,1AA,8,PROJ FINAL SUSTENT AMBIENTAL,FALSE,FALSE,FALSE,FALSE,FALSE,__,__,SALA,0,,,,,,,,,,,,,,,,,,,,,8o
Eliane Garcia,DSG1930,1AA,4,MATERIAIS E PROCESSO CIRCULAR,FALSE,FALSE,FALSE,FALSE,FALSE,__,__,SALA,,,,,,,,,,,,,,,,,,,,,,OPTATIVA GERAL DE ENFASE
Eliane Garcia,DSG1931,1AA,4,EMPREENDEDORISMO EM DESIGN,FALSE,FALSE,FALSE,FALSE,FALSE,__,__,SALA,,,,,,,,,,,,,,,,,,,,,,OPTATIVA GERAL DE ENFASE
Eliane Garcia,DSG1932,1AA,4,PROSPECCAO-ESCASSEZ-INCERTEZA,FALSE,FALSE,FALSE,FALSE,FALSE,__,__,SALA,,,,,,,,,,,,,,,,,,,,,,OPTATIVA GERAL DE ENFASE
Daniel Malaguti,DSG1933,1AA,2,DESIGN PERSPECTIVA DECOLONIAL,FALSE,FALSE,FALSE,FALSE,FALSE,__,__,SALA,,,,,,,,,,,,,,,,,,,,,,OPTATIVA GERAL DE ENFASE
Claudia Kayat,DSG1934,1AA,2,DSG E IDENTIDADE SOCIOCULTURAL,FALSE,FALSE,FALSE,FALSE,FALSE,__,__,SALA,,,,,,,,,,,,,,,,,,,,,,OPTATIVA GERAL DE ENFASE
Daniel Malaguti,DSG1935,1AA,4,SUSTEN:HUMANA-SOCIAL-AMBIENTAL,FALSE,FALSE,FALSE,FALSE,FALSE,__,__,SALA,,,,,,,,,,,,,,,,,,,,,,OPTATIVA GERAL DE ENFASE
Daniel Malaguti,DSG1936,1AA,4,DIVERSIDADE-DESIGN INCLUSIVO,FALSE,FALSE,FALSE,FALSE,FALSE,__,__,SALA,,,,,,,,,,,,,,,,,,,,,,OPTATIVA GERAL DE ENFASE
Daniel Malaguti,DSG1937,1AA,2,ECODESIGN,FALSE,FALSE,FALSE,FALSE,FALSE,__,__,SALA,,,,,,,,,,,,,,,,,,,,,,OPTATIVA GERAL DE ENFASE
Daniel Malaguti,DSG1938,1AA,2,TECNOLOGIA ASSISTIVA,FALSE,FALSE,FALSE,FALSE,FALSE,__,__,SALA,,,,,,,,,,,,,,,,,,,,,,OPTATIVA GERAL DE ENFASE
Daniel Malaguti,DSG1939,1AA,2,CONCEPCAO PROJETO SUSTENTAVEL,FALSE,FALSE,FALSE,FALSE,FALSE,__,__,SALA,,,,,,,,,,,,,,,,,,,,,,OPTATIVA GERAL DE ENFASE
João Bonelli,DSG1940,1AA,4,CONECTIV. E SIST INTELIGENTES,FALSE,FALSE,FALSE,FALSE,FALSE,__,__,SALA,,,,,,,,,,,,,,,,,,,,,,OPTATIVA GERAL DE ENFASE
João Bonelli,DSG1941/DSG1412,1AA,4,INTERFACES-OBJ. INTELIGENTES,FALSE,FALSE,FALSE,FALSE,FALSE,__,__,SALA,,,,,,,,,,,,,,,,,,,,,,OPTATIVA GERAL DE ENFASE
João Bonelli,DSG1942,1AA,2,ESTUD-ERGONOMICO-AVANC-TESTE,FALSE,FALSE,FALSE,FALSE,FALSE,__,__,SALA,,,,,,,,,,,,,,,,,,,,,,OPTATIVA GERAL DE ENFASE
Claudia Kayat,DSG1943,1AA,4,LINGUAGEM DA FORMA,FALSE,FALSE,FALSE,FALSE,FALSE,__,__,SALA,,,,,,,,,,,,,,,,,,,,,,OPTATIVA GERAL DE ENFASE
Claudia Kayat,DSG1944,1AA,2,PROCESSOS CRIATIVOS AVANCADOS,FALSE,FALSE,FALSE,FALSE,FALSE,__,__,SALA,,,,,,,,,,,,,,,,,,,,,,OPTATIVA GERAL DE ENFASE
Claudia Kayat,DSG1945,1AA,2,PROCESSOS DE MANUFATURA,FALSE,FALSE,FALSE,FALSE,FALSE,__,__,SALA,,,,,,,,,,,,,,,,,,,,,,OPTATIVA GERAL DE ENFASE
Isabel Moreira,DSG1946,1AA,4,MODA E O CORPO CONTEMPORANEO,FALSE,FALSE,FALSE,FALSE,FALSE,__,__,SALA,,,,,,,,,,,,,,,,,,,,,,OPTATIVA GERAL DE ENFASE
Isabel Moreira,DSG1947,1AA,4,CONSTR TEXTEIS-CORPO CULTURAL,FALSE,FALSE,FALSE,FALSE,FALSE,__,__,SALA,,,,,,,,,,,,,,,,,,,,,,OPTATIVA GERAL DE ENFASE
Isabel Moreira,DSG1948,1AA,2,CORTOGRAFIAS-CORPO NA CIDADE,FALSE,FALSE,FALSE,FALSE,FALSE,__,__,SALA,,,,,,,,,,,,,,,,,,,,,,OPTATIVA GERAL DE ENFASE
Isabel Moreira,DSG1949,1AA,2,OBJETO ROUPA:INTERTEXTUALIDADE,FALSE,FALSE,FALSE,FALSE,FALSE,__,__,SALA,,,,,,,,,,,,,,,,,,,,,,OPTATIVA GERAL DE ENFASE
Isabel Moreira,DSG1950,1AA,4,MODA E IMAGEM: LING NARRATIVA,FALSE,FALSE,FALSE,FALSE,FALSE,__,__,SALA,,,,,,,,,,,,,,,,,,,,,,OPTATIVA GERAL DE ENFASE
Eliane Garcia,DSG1951,1AA,4,DESIGN ESPECULATIVO: CENARIOS,FALSE,FALSE,FALSE,FALSE,FALSE,__,__,SALA,,,,,,,,,,,,,,,,,,,,,,OPTATIVA GERAL DE ENFASE
Eliane Garcia,DSG1952,1AA,4,DESIGN E NARRATIVA,FALSE,FALSE,FALSE,FALSE,FALSE,__,__,SALA,,,,,,,,,,,,,,,,,,,,,,OPTATIVA GERAL DE ENFASE
Eliane Garcia,DSG1953,1AA,4,CONECT INTERATIV ARTES DESIGN,FALSE,FALSE,FALSE,FALSE,FALSE,__,__,SALA,,,,,,,,,,,,,,,,,,,,,,OPTATIVA GERAL DE ENFASE
Isabel Moreira,DSG1954,1AA,2,CORPO E TECNOLOGIA,FALSE,FALSE,FALSE,FALSE,FALSE,__,__,SALA,,,,,,,,,,,,,,,,,,,,,,OPTATIVA GERAL DE ENFASE
Izabel Oliveira,DSG1955,1AA,4,EXP ESPACIAL PERFORM/SINETE,FALSE,FALSE,FALSE,FALSE,FALSE,__,__,SALA,,,,,,,,,,,,,,,,,,,,,,OPTATIVA GERAL DE ENFASE
Eliane Garcia,DSG1956,1AA,2,UX/INTERACAO HUMANO-TECNOLOGIA,FALSE,FALSE,FALSE,FALSE,FALSE,__,__,SALA,,,,,,,,,,,,,,,,,,,,,,OPTATIVA GERAL DE ENFASE
João Bonelli,DSG1957,1AA,2,DESIGN E INTELIGEN ARTIFICIAL,FALSE,FALSE,FALSE,FALSE,FALSE,__,__,SALA,,,,,,,,,,,,,,,,,,,,,,OPTATIVA GERAL DE ENFASE
Izabel Oliveira,DSG1958,1AA,4,MULTIMOD MULTISSENSORIALIDADE,FALSE,FALSE,FALSE,FALSE,FALSE,__,__,SALA,,,,,,,,,,,,,,,,,,,,,,OPTATIVA GERAL DE ENFASE
Izabel Oliveira,DSG1959,1AA,2,DISF/DESCONST/DESCONTINUIDADE,FALSE,FALSE,FALSE,FALSE,FALSE,__,__,SALA,,,,,,,,,,,,,,,,,,,,,,OPTATIVA GERAL DE ENFASE
Izabel Oliveira,DSG1960,1AA,2,PERSPEC/CRITICA PROD CRIATIVA,FALSE,FALSE,FALSE,FALSE,FALSE,__,__,SALA,,,,,,,,,,,,,,,,,,,,,,OPTATIVA GERAL DE ENFASE
Izabel Oliveira,DSG1961,1AA,2,PROD. CULTURAL/ARTES E DESIGN,FALSE,FALSE,FALSE,FALSE,FALSE,__,__,SALA,,,,,,,,,,,,,,,,,,,,,,OPTATIVA GERAL DE ENFASE
Felipe Rangel,DSG1962,1AA,4,DESIGN ESTRATEGICO,FALSE,FALSE,FALSE,FALSE,FALSE,__,__,SALA,,,,,,,,,,,,,,,,,,,,,,OPTATIVA GERAL DE ENFASE
Felipe Rangel,DSG1963,1AA,2,DESIGN DE SERVICO,FALSE,FALSE,FALSE,FALSE,FALSE,__,__,SALA,,,,,,,,,,,,,,,,,,,,,,OPTATIVA GERAL DE ENFASE
Felipe Rangel,DSG1964,1AA,2,GESTAO DO DESIGN DIGITAL,FALSE,FALSE,FALSE,FALSE,FALSE,__,__,SALA,,,,,,,,,,,,,,,,,,,,,,OPTATIVA GERAL DE ENFASE
Felipe Rangel,DSG1965,1AA,2,O NEXO DESIGN E INOVACAO,FALSE,FALSE,FALSE,FALSE,FALSE,__,__,SALA,,,,,,,,,,,,,,,,,,,,,,OPTATIVA GERAL DE ENFASE
João Bonelli,DSG1966,1AA,3,REALIDADES DIGITAIS,FALSE,FALSE,FALSE,FALSE,FALSE,__,__,SALA,,,,,,,,,,,,,,,,,,,,,,OPTATIVA GERAL DE ENFASE
Eliane Garcia,DSG1967,1AA,2,ED/POS-PROD IMAG EM MOVIMENTO,FALSE,FALSE,FALSE,FALSE,FALSE,__,__,SALA,,,,,,,,,,,,,,,,,,,,,,OPTATIVA GERAL DE ENFASE
João Bonelli,DSG1968,1AA,3,COMPUTACAO PARA ANIMACAO,FALSE,FALSE,FALSE,FALSE,FALSE,__,__,SALA,,,,,,,,,,,,,,,,,,,,,,OPTATIVA GERAL DE ENFASE
Eliane Garcia,DSG1971,1AA,2,PRATICA ANTECIP SUST HUM SOC,FALSE,FALSE,FALSE,FALSE,FALSE,__,__,SALA,,,,,,,,,,,,,,,,,,,,,,OPTATIVA DE OFICINA DE ENFASE
Eliane Garcia,DSG1972,1AA,2,LAB: LUDICO PROCESSO DESIGN,FALSE,FALSE,FALSE,FALSE,FALSE,__,__,SALA,,,,,,,,,,,,,,,,,,,,,,OPTATIVA DE OFICINA DE ENFASE
Felipe Rangel,DSG1973,1AA,2,LAB:ESTRUT-SIST COLABORATIVO,FALSE,FALSE,FALSE,FALSE,FALSE,__,__,SALA,,,,,,,,,,,,,,,,,,,,,,OPTATIVA DE OFICINA DE ENFASE
Felipe Rangel,DSG1974,1AA,2,BIOMIMETICA,FALSE,FALSE,FALSE,FALSE,FALSE,__,__,SALA,,,,,,,,,,,,,,,,,,,,,,OPTATIVA DE OFICINA DE ENFASE
Claudia Kayat,DSG1975,1AA,2,LAB: INOVACAO EM PRODUTOS,FALSE,FALSE,FALSE,FALSE,FALSE,__,__,SALA,,,,,,,,,,,,,,,,,,,,,,OPTATIVA DE OFICINA DE ENFASE
Claudia Kayat,DSG1976,1AA,2,PROTOTIPAGEM PRODUTO-INOVACAO,FALSE,FALSE,FALSE,FALSE,FALSE,__,__,SALA,,,,,,,,,,,,,,,,,,,,,,OPTATIVA DE OFICINA DE ENFASE
Claudia Kayat,DSG1977,1AA,2,DESIGN DE EMBALAGEM,FALSE,FALSE,FALSE,FALSE,FALSE,__,__,SALA,,,,,,,,,,,,,,,,,,,,,,OPTATIVA DE OFICINA DE ENFASE
Claudia Kayat,DSG1978,1AA,2,MOBILIARIO,FALSE,FALSE,FALSE,FALSE,FALSE,__,__,SALA,,,,,,,,,,,,,,,,,,,,,,OPTATIVA DE OFICINA DE ENFASE
Claudia Kayat,DSG1979,1AA,2,MOBILIARIO URBANO,FALSE,FALSE,FALSE,FALSE,FALSE,__,__,SALA,,,,,,,,,,,,,,,,,,,,,,OPTATIVA DE OFICINA DE ENFASE
Claudia Kayat,DSG1980,1AA,2,CERAMICA,FALSE,FALSE,FALSE,FALSE,FALSE,__,__,SALA,,,,,,,,,,,,,,,,,,,,,,OPTATIVA DE OFICINA DE ENFASE
Isabel Moreira,DSG1981,1AA,2,LAB:FORMA TRIDIMENSIONAL MODA,FALSE,FALSE,FALSE,FALSE,FALSE,__,__,SALA,,,,,,,,,,,,,,,,,,,,,,OPTATIVA DE OFICINA DE ENFASE
Isabel Moreira,DSG1982,1AA,4,LABORATORIO DE ESTAMPARIA,FALSE,FALSE,FALSE,FALSE,FALSE,__,__,SALA,,,,,,,,,,,,,,,,,,,,,,OPTATIVA DE OFICINA DE ENFASE
Isabel Moreira,DSG1983,1AA,2,LAB: ADORNO CONTEMPORANEO,FALSE,FALSE,FALSE,FALSE,FALSE,__,__,SALA,,,,,,,,,,,,,,,,,,,,,,OPTATIVA DE OFICINA DE ENFASE
Isabel Moreira,DSG1984,1AA,2,MODA-CORPOREIDADE-TRANSGRESSAO,FALSE,FALSE,FALSE,FALSE,FALSE,__,__,SALA,,,,,,,,,,,,,,,,,,,,,,OPTATIVA DE OFICINA DE ENFASE
Isabel Moreira,DSG1985,1AA,2,ACESSORIO MODA EXTENSAO CORPO,FALSE,FALSE,FALSE,FALSE,FALSE,__,__,SALA,,,,,,,,,,,,,,,,,,,,,,OPTATIVA DE OFICINA DE ENFASE
Isabel Moreira,DSG1986,1AA,4,CONSTRUCAO VESTUARIO AVANCADA,FALSE,FALSE,FALSE,FALSE,FALSE,__,__,SALA,,,,,,,,,,,,,,,,,,,,,,OPTATIVA DE OFICINA DE ENFASE
Felipe Rangel,DSG1987,1AA,2,PROTOTIPAGEM-DESIGN DE SERVICO,FALSE,FALSE,FALSE,FALSE,FALSE,__,__,SALA,,,,,,,,,,,,,,,,,,,,,,OPTATIVA DE OFICINA DE ENFASE
João Bonelli,DSG1988,1AA,2,PROTOTIPAGEM-SIMULACAO DIGITAL,FALSE,FALSE,FALSE,FALSE,FALSE,__,__,SALA,,,,,,,,,,,,,,,,,,,,,,OPTATIVA DE OFICINA DE ENFASE
João Bonelli,DSG1989,1AA,2,LUDICIDADE DIGITAL,FALSE,FALSE,FALSE,FALSE,FALSE,__,__,SALA,,,,,,,,,,,,,,,,,,,,,,OPTATIVA DE OFICINA DE ENFASE
João Bonelli,DSG1990,1AA,2,JOGOS DIGITAIS,FALSE,FALSE,FALSE,FALSE,FALSE,__,__,SALA,,,,,,,,,,,,,,,,,,,,,,OPTATIVA DE OFICINA DE ENFASE
Eliane Garcia,DSG1991,1AA,2,VISUALIZACAO DE DADOS,FALSE,FALSE,FALSE,FALSE,FALSE,__,__,SALA,,,,,,,,,,,,,,,,,,,,,,OPTATIVA DE OFICINA DE ENFASE
Felipe Rangel,DSG1991,1AA,2,VISUALIZACAO DE DADOS,FALSE,FALSE,FALSE,FALSE,FALSE,__,__,SALA,,,,,,,,,,,,,,,,,,,,,,OPTATIVA DE OFICINA DE ENFASE
Izabel Oliveira,DSG1992,1AA,2,DESIGN E SOM,FALSE,FALSE,FALSE,FALSE,FALSE,__,__,SALA,,,,,,,,,,,,,,,,,,,,,,OPTATIVA DE OFICINA DE ENFASE
Izabel Oliveira,DSG1993,1AA,2,DESIGN E LUZ,FALSE,FALSE,FALSE,FALSE,FALSE,__,__,SALA,,,,,,,,,,,,,,,,,,,,,,OPTATIVA DE OFICINA DE ENFASE
Daniel Malaguti,DSG1994,1AA,,LAB: TECNOLOGIA ASSISTIVA,FALSE,FALSE,FALSE,FALSE,FALSE,__,__,SALA,,,,,,,,,,,,,,,,,,,,,,OPTATIVA DE OFICINA DE ENFASE
Eliane Garcia,DSG1995,1AA,2,REPRESENTACAO IMAGEM-INCLUSAO,FALSE,FALSE,FALSE,FALSE,FALSE,__,__,SALA,,,,,,,,,,,,,,,,,,,,,,OPTATIVA DE DESENHO DE ENFASE
Eliane Garcia,DSG1996,1AA,4,MODELAGEM VIRTUAL AVANCADA,FALSE,FALSE,FALSE,FALSE,FALSE,__,__,SALA,,,,,,,,,,,,,,,,,,,,,,OPTATIVA DE DESENHO DE ENFASE
Eliane Garcia,DSG1997,1AA,2,FIGURINO E O CORPO NARRATIVO,FALSE,FALSE,FALSE,FALSE,FALSE,__,__,SALA,,,,,,,,,,,,,,,,,,,,,,OPTATIVA DE DESENHO DE ENFASE
Eliane Garcia,DSG1998,1AA,2,DESENHO DE MODELO VIVO,FALSE,FALSE,FALSE,FALSE,FALSE,__,__,SALA,,,,,,,,,,,,,,,,,,,,,,OPTATIVA DE DESENHO DE ENFASE
Eliane Garcia,DSG1999,1AA,3,CRIACAO/TRATAMENTO DE IMAGEM,FALSE,FALSE,FALSE,FALSE,FALSE,__,__,SALA,,,,,,,,,,,,,,,,,,,,,,OPTATIVA DE DESENHO DE ENFASE
,FIS1130,,,,FALSE,FALSE,FALSE,FALSE,FALSE,,,,,,,,,,,,,,,,,,,,,,,,,
Eliane Garcia,LET1910,1AA,4,ANALISE PRODUÇÃO TEXTO ACADÊMICO,TRUE,FALSE,TRUE,FALSE,FALSE,13,15,ART1,18 CAL,JOAO VICTOR AZEVEDO DE MENEZES CORREIA DE MELO,4,,,,,,,,,,,,,,,,,,,1o 
Eliane Garcia,LET1910,1AB,4,ANALISE PRODUÇÃO TEXTO ACADÊMICO,TRUE,FALSE,TRUE,FALSE,FALSE,15,17,ART2,18 CAL,PROFESSOR EXTERNO,4,,,,,,,,,,,,,,,,,,,1o 
Eliane Garcia,LET1910,1AC,4,ANALISE PRODUÇÃO TEXTO ACADÊMICO,TRUE,FALSE,TRUE,FALSE,FALSE,15,17,ART1,18 CAL,PROFESSOR EXTERNO,4,,,,,,,,,,,,,,,,,,,1o 
Eliane Garcia,LET1910,1AD,4,ANALISE PRODUÇÃO TEXTO ACADÊMICO,TRUE,FALSE,TRUE,FALSE,FALSE,15,17,ART2,18 CAL,PROFESSOR EXTERNO,4,,,,,,,,,,,,,,,,,,,1o 
Eliane Garcia,LET1910,1AE,4,ANALISE PRODUÇÃO TEXTO ACADÊMICO,TRUE,FALSE,TRUE,FALSE,FALSE,15,17,SALA,18 CAL,PROFESSOR EXTERNO,4,,,,,,,,,,,,,,,,,,,1o 
Eliane Garcia,LET1910,1AF,4,ANALISE PRODUÇÃO TEXTO ACADÊMICO,TRUE,FALSE,TRUE,FALSE,FALSE,15,17,SALA,18 CAL,PROFESSOR EXTERNO,4,,,,,,,,,,,,,,,,,,,1o 
,,1AA,,,FALSE,FALSE,FALSE,FALSE,FALSE,__,__,SALA,,,,,,,,,,,,,,,,,,,,,,
,,1AA,,,FALSE,FALSE,FALSE,FALSE,FALSE,__,__,SALA,,,,,,,,,,,,,,,,,,,,,,
,,1AA,,,FALSE,FALSE,FALSE,FALSE,FALSE,__,__,SALA,,,,,,,,,,,,,,,,,,,,,,
,,1AA,,,FALSE,FALSE,FALSE,FALSE,FALSE,__,__,SALA,,,,,,,,,,,,,,,,,,,,,,
,,1AA,,,FALSE,FALSE,FALSE,FALSE,FALSE,__,__,SALA,,,,,,,,,,,,,,,,,,,,,,
,,1AA,,,FALSE,FALSE,FALSE,FALSE,FALSE,__,__,SALA,,,,,,,,,,,,,,,,,,,,,,
,,1AA,,,FALSE,FALSE,FALSE,FALSE,FALSE,__,__,SALA,,,,,,,,,,,,,,,,,,,,,,
,,1AA,,,FALSE,FALSE,FALSE,FALSE,FALSE,__,__,SALA,,,,,,,,,,,,,,,,,,,,,,
,,1AA,,,FALSE,FALSE,FALSE,FALSE,FALSE,__,__,SALA,,,,,,,,,,,,,,,,,,,,,,
,,1AA,,,FALSE,FALSE,FALSE,FALSE,FALSE,__,__,SALA,,,,,,,,,,,,,,,,,,,,,,
,,1AA,,,FALSE,FALSE,FALSE,FALSE,FALSE,__,__,SALA,,,,,,,,,,,,,,,,,,,,,,
,,1AA,,,FALSE,FALSE,FALSE,FALSE,FALSE,__,__,SALA,,,,,,,,,,,,,,,,,,,,,,
,,1AA,,,FALSE,FALSE,FALSE,FALSE,FALSE,__,__,SALA,,,,,,,,,,,,,,,,,,,,,,
,,1AA,,,FALSE,FALSE,FALSE,FALSE,FALSE,__,__,SALA,,,,,,,,,,,,,,,,,,,,,,
,,1AA,,,FALSE,FALSE,FALSE,FALSE,FALSE,__,__,SALA,,,,,,,,,,,,,,,,,,,,,,
,,1AA,,,FALSE,FALSE,FALSE,FALSE,FALSE,__,__,SALA,,,,,,,,,,,,,,,,,,,,,,
,,1AA,,,FALSE,FALSE,FALSE,FALSE,FALSE,__,__,SALA,,,,,,,,,,,,,,,,,,,,,,
,,1AA,,,FALSE,FALSE,FALSE,FALSE,FALSE,__,__,SALA,,,,,,,,,,,,,,,,,,,,,,
,,1AA,,,FALSE,FALSE,FALSE,FALSE,FALSE,__,__,SALA,,,,,,,,,,,,,,,,,,,,,,
,,1AA,,,FALSE,FALSE,FALSE,FALSE,FALSE,__,__,SALA,,,,,,,,,,,,,,,,,,,,,,
,,1AA,,,FALSE,FALSE,FALSE,FALSE,FALSE,__,__,SALA,,,,,,,,,,,,,,,,,,,,,,
,,1AA,,,FALSE,FALSE,FALSE,FALSE,FALSE,__,__,SALA,,,,,,,,,,,,,,,,,,,,,,
,,1AA,,,FALSE,FALSE,FALSE,FALSE,FALSE,__,__,SALA,,,,,,,,,,,,,,,,,,,,,,
,,1AA,,,FALSE,FALSE,FALSE,FALSE,FALSE,__,__,SALA,,,,,,,,,,,,,,,,,,,,,,
,,1AA,,,FALSE,FALSE,FALSE,FALSE,FALSE,__,__,SALA,,,,,,,,,,,,,,,,,,,,,,
,,1AA,,,FALSE,FALSE,FALSE,FALSE,FALSE,__,__,SALA,,,,,,,,,,,,,,,,,,,,,,
,,1AA,,,FALSE,FALSE,FALSE,FALSE,FALSE,__,__,SALA,,,,,,,,,,,,,,,,,,,,,,
,,1AA,,,FALSE,FALSE,FALSE,FALSE,FALSE,__,__,SALA,,,,,,,,,,,,,,,,,,,,,,
,,1AA,,,FALSE,FALSE,FALSE,FALSE,FALSE,__,__,SALA,,,,,,,,,,,,,,,,,,,,,,
,,1AA,,,FALSE,FALSE,FALSE,FALSE,FALSE,__,__,SALA,,,,,,,,,,,,,,,,,,,,,,
,,1AA,,,FALSE,FALSE,FALSE,FALSE,FALSE,__,__,SALA,,,,,,,,,,,,,,,,,,,,,,
,,1AA,,,FALSE,FALSE,FALSE,FALSE,FALSE,__,__,SALA,,,,,,,,,,,,,,,,,,,,,,
,,1AA,,,FALSE,FALSE,FALSE,FALSE,FALSE,__,__,SALA,,,,,,,,,,,,,,,,,,,,,,
,,1AA,,,FALSE,FALSE,FALSE,FALSE,FALSE,__,__,SALA,,,,,,,,,,,,,,,,,,,,,,
,,1AA,,,FALSE,FALSE,FALSE,FALSE,FALSE,__,__,SALA,,,,,,,,,,,,,,,,,,,,,,
,,1AA,,,FALSE,FALSE,FALSE,FALSE,FALSE,__,__,SALA,,,,,,,,,,,,,,,,,,,,,,
,,1AA,,,FALSE,FALSE,FALSE,FALSE,FALSE,__,__,SALA,,,,,,,,,,,,,,,,,,,,,,
,,1AA,,,FALSE,FALSE,FALSE,FALSE,FALSE,__,__,SALA,,,,,,,,,,,,,,,,,,,,,,
,,1AA,,,FALSE,FALSE,FALSE,FALSE,FALSE,__,__,SALA,,,,,,,,,,,,,,,,,,,,,,
,,1AA,,,FALSE,FALSE,FALSE,FALSE,FALSE,__,__,SALA,,,,,,,,,,,,,,,,,,,,,,
,,1AA,,,FALSE,FALSE,FALSE,FALSE,FALSE,__,__,SALA,,,,,,,,,,,,,,,,,,,,,,
,,1AA,,,FALSE,FALSE,FALSE,FALSE,FALSE,__,__,SALA,,,,,,,,,,,,,,,,,,,,,,
,,1AA,,,FALSE,FALSE,FALSE,FALSE,FALSE,__,__,SALA,,,,,,,,,,,,,,,,,,,,,,
,,1AA,,,FALSE,FALSE,FALSE,FALSE,FALSE,__,__,SALA,,,,,,,,,,,,,,,,,,,,,,
,,1AA,,,FALSE,FALSE,FALSE,FALSE,FALSE,__,__,SALA,,,,,,,,,,,,,,,,,,,,,,
,,1AA,,,FALSE,FALSE,FALSE,FALSE,FALSE,__,__,SALA,,,,,,,,,,,,,,,,,,,,,,
,,1AA,,,FALSE,FALSE,FALSE,FALSE,FALSE,__,__,SALA,,,,,,,,,,,,,,,,,,,,,,
,,1AA,,,FALSE,FALSE,FALSE,FALSE,FALSE,__,__,SALA,,,,,,,,,,,,,,,,,,,,,,
,,1AA,,,FALSE,FALSE,FALSE,FALSE,FALSE,__,__,SALA,,,,,,,,,,,,,,,,,,,,,,
,,1AA,,,FALSE,FALSE,FALSE,FALSE,FALSE,__,__,SALA,,,,,,,,,,,,,,,,,,,,,,
,,1AA,,,FALSE,FALSE,FALSE,FALSE,FALSE,__,__,SALA,,,,,,,,,,,,,,,,,,,,,,
,,1AA,,,FALSE,FALSE,FALSE,FALSE,FALSE,__,__,SALA,,,,,,,,,,,,,,,,,,,,,,
,,1AA,,,FALSE,FALSE,FALSE,FALSE,FALSE,__,__,SALA,,,,,,,,,,,,,,,,,,,,,,
,,1AA,,,FALSE,FALSE,FALSE,FALSE,FALSE,__,__,SALA,,,,,,,,,,,,,,,,,,,,,,
,,1AA,,,FALSE,FALSE,FALSE,FALSE,FALSE,__,__,SALA,,,,,,,,,,,,,,,,,,,,,,
,,1AA,,,FALSE,FALSE,FALSE,FALSE,FALSE,__,__,SALA,,,,,,,,,,,,,,,,,,,,,,
,,1AA,,,FALSE,FALSE,FALSE,FALSE,FALSE,__,__,SALA,,,,,,,,,,,,,,,,,,,,,,
,,1AA,,,FALSE,FALSE,FALSE,FALSE,FALSE,__,__,SALA,,,,,,,,,,,,,,,,,,,,,,
,,1AA,,,FALSE,FALSE,FALSE,FALSE,FALSE,__,__,SALA,,,,,,,,,,,,,,,,,,,,,,
,,1AA,,,FALSE,FALSE,FALSE,FALSE,FALSE,__,__,SALA,,,,,,,,,,,,,,,,,,,,,,
,,1AA,,,FALSE,FALSE,FALSE,FALSE,FALSE,__,__,SALA,,,,,,,,,,,,,,,,,,,,,,
,,1AA,,,FALSE,FALSE,FALSE,FALSE,FALSE,__,__,SALA,,,,,,,,,,,,,,,,,,,,,,
,,1AA,,,FALSE,FALSE,FALSE,FALSE,FALSE,__,__,SALA,,,,,,,,,,,,,,,,,,,,,,
,,1AA,,,FALSE,FALSE,FALSE,FALSE,FALSE,__,__,SALA,,,,,,,,,,,,,,,,,,,,,,
,,1AA,,,FALSE,FALSE,FALSE,FALSE,FALSE,__,__,SALA,,,,,,,,,,,,,,,,,,,,,,
,,1AA,,,FALSE,FALSE,FALSE,FALSE,FALSE,__,__,SALA,,,,,,,,,,,,,,,,,,,,,,
,,1AA,,,FALSE,FALSE,FALSE,FALSE,FALSE,__,__,SALA,,,,,,,,,,,,,,,,,,,,,,
,,1AA,,,FALSE,FALSE,FALSE,FALSE,FALSE,__,__,SALA,,,,,,,,,,,,,,,,,,,,,,
,,1AA,,,FALSE,FALSE,FALSE,FALSE,FALSE,__,__,SALA,,,,,,,,,,,,,,,,,,,,,,
,,1AA,,,FALSE,FALSE,FALSE,FALSE,FALSE,__,__,SALA,,,,,,,,,,,,,,,,,,,,,,
,,1AA,,,FALSE,FALSE,FALSE,FALSE,FALSE,__,__,SALA,,,,,,,,,,,,,,,,,,,,,,
,,1AA,,,FALSE,FALSE,FALSE,FALSE,FALSE,__,__,SALA,,,,,,,,,,,,,,,,,,,,,,
,,1AA,,,FALSE,FALSE,FALSE,FALSE,FALSE,__,__,SALA,,,,,,,,,,,,,,,,,,,,,,
,,1AA,,,FALSE,FALSE,FALSE,FALSE,FALSE,__,__,SALA,,,,,,,,,,,,,,,,,,,,,,
,,1AA,,,FALSE,FALSE,FALSE,FALSE,FALSE,__,__,SALA,,,,,,,,,,,,,,,,,,,,,,
,,1AA,,,FALSE,FALSE,FALSE,FALSE,FALSE,__,__,SALA,,,,,,,,,,,,,,,,,,,,,,
,,1AA,,,FALSE,FALSE,FALSE,FALSE,FALSE,__,__,SALA,,,,,,,,,,,,,,,,,,,,,,
,,1AA,,,FALSE,FALSE,FALSE,FALSE,FALSE,__,__,SALA,,,,,,,,,,,,,,,,,,,,,,
,,1AA,,,FALSE,FALSE,FALSE,FALSE,FALSE,__,__,SALA,,,,,,,,,,,,,,,,,,,,,,
,,1AA,,,FALSE,FALSE,FALSE,FALSE,FALSE,__,__,SALA,,,,,,,,,,,,,,,,,,,,,,
,,1AA,,,FALSE,FALSE,FALSE,FALSE,FALSE,__,__,SALA,,,,,,,,,,,,,,,,,,,,,,
,,1AA,,,FALSE,FALSE,FALSE,FALSE,FALSE,__,__,SALA,,,,,,,,,,,,,,,,,,,,,,
,,1AA,,,FALSE,FALSE,FALSE,FALSE,FALSE,__,__,SALA,,,,,,,,,,,,,,,,,,,,,,
,,1AA,,,FALSE,FALSE,FALSE,FALSE,FALSE,__,__,SALA,,,,,,,,,,,,,,,,,,,,,,
,,1AA,,,FALSE,FALSE,FALSE,FALSE,FALSE,__,__,SALA,,,,,,,,,,,,,,,,,,,,,,
,,1AA,,,FALSE,FALSE,FALSE,FALSE,FALSE,__,__,SALA,,,,,,,,,,,,,,,,,,,,,,
,,1AA,,,FALSE,FALSE,FALSE,FALSE,FALSE,__,__,SALA,,,,,,,,,,,,,,,,,,,,,,
,,1AA,,,FALSE,FALSE,FALSE,FALSE,FALSE,__,__,SALA,,,,,,,,,,,,,,,,,,,,,,
,,1AA,,,FALSE,FALSE,FALSE,FALSE,FALSE,__,__,SALA,,,,,,,,,,,,,,,,,,,,,,
,,1AA,,,FALSE,FALSE,FALSE,FALSE,FALSE,__,__,SALA,,,,,,,,,,,,,,,,,,,,,,
,,1AA,,,FALSE,FALSE,FALSE,FALSE,FALSE,__,__,SALA,,,,,,,,,,,,,,,,,,,,,,
,,1AA,,,FALSE,FALSE,FALSE,FALSE,FALSE,__,__,SALA,,,,,,,,,,,,,,,,,,,,,,
,,1AA,,,FALSE,FALSE,FALSE,FALSE,FALSE,__,__,SALA,,,,,,,,,,,,,,,,,,,,,,
,,1AA,,,FALSE,FALSE,FALSE,FALSE,FALSE,__,__,SALA,,,,,,,,,,,,,,,,,,,,,,
,,1AA,,,FALSE,FALSE,FALSE,FALSE,FALSE,__,__,SALA,,,,,,,,,,,,,,,,,,,,,,
,,1AA,,,FALSE,FALSE,FALSE,FALSE,FALSE,__,__,SALA,,,,,,,,,,,,,,,,,,,,,,
,,1AA,,,FALSE,FALSE,FALSE,FALSE,FALSE,__,__,SALA,,,,,,,,,,,,,,,,,,,,,,
,,1AA,,,FALSE,FALSE,FALSE,FALSE,FALSE,__,__,SALA,,,,,,,,,,,,,,,,,,,,,,
,,1AA,,,FALSE,FALSE,FALSE,FALSE,FALSE,__,__,SALA,,,,,,,,,,,,,,,,,,,,,,
,,1AA,,,FALSE,FALSE,FALSE,FALSE,FALSE,__,__,SALA,,,,,,,,,,,,,,,,,,,,,,
,,1AA,,,FALSE,FALSE,FALSE,FALSE,FALSE,__,__,SALA,,,,,,,,,,,,,,,,,,,,,,
,,1AA,,,FALSE,FALSE,FALSE,FALSE,FALSE,__,__,SALA,,,,,,,,,,,,,,,,,,,,,,
,,1AA,,,FALSE,FALSE,FALSE,FALSE,FALSE,__,__,SALA,,,,,,,,,,,,,,,,,,,,,,
,,1AA,,,FALSE,FALSE,FALSE,FALSE,FALSE,__,__,SALA,,,,,,,,,,,,,,,,,,,,,,
,,1AA,,,FALSE,FALSE,FALSE,FALSE,FALSE,__,__,SALA,,,,,,,,,,,,,,,,,,,,,,
,,1AA,,,FALSE,FALSE,FALSE,FALSE,FALSE,__,__,SALA,,,,,,,,,,,,,,,,,,,,,,
,,1AA,,,FALSE,FALSE,FALSE,FALSE,FALSE,__,__,SALA,,,,,,,,,,,,,,,,,,,,,,
,,1AA,,,FALSE,FALSE,FALSE,FALSE,FALSE,__,__,SALA,,,,,,,,,,,,,,,,,,,,,,
,,1AA,,,FALSE,FALSE,FALSE,FALSE,FALSE,__,__,SALA,,,,,,,,,,,,,,,,,,,,,,
,,1AA,,,FALSE,FALSE,FALSE,FALSE,FALSE,__,__,SALA,,,,,,,,,,,,,,,,,,,,,,
,,1AA,,,FALSE,FALSE,FALSE,FALSE,FALSE,__,__,SALA,,,,,,,,,,,,,,,,,,,,,,
,,1AA,,,FALSE,FALSE,FALSE,FALSE,FALSE,__,__,SALA,,,,,,,,,,,,,,,,,,,,,,
,,1AA,,,FALSE,FALSE,FALSE,FALSE,FALSE,__,__,SALA,,,,,,,,,,,,,,,,,,,,,,
,,1AA,,,FALSE,FALSE,FALSE,FALSE,FALSE,__,__,SALA,,,,,,,,,,,,,,,,,,,,,,
,,1AA,,,FALSE,FALSE,FALSE,FALSE,FALSE,__,__,SALA,,,,,,,,,,,,,,,,,,,,,,