SUPERS,CODIGO,TURMA,CR,DISCIPLINA,2,3,4,5,6,INICIO,FINAL,SALA,VAGAS,PROFESSORES1,H1,PROFESSORES2,H2,PROFESSORES3,H3,PROFESSORES4,H4,PROFESSORES5,H5,PROFESSORES6,H6,PROFESSORES7,H7,PROFESSORES8,H8,PROFESSORES9,H9,PROFESSORES10,H10,PERIODO
Luiza Marcier,ART1420,1AA,4,CULTURA MODERNA/CONTEMPORANEA,FALSE,FALSE,TRUE,FALSE,TRUE,11,13,VIRTUAL,10 ART/10 QQC,LUIZA MARIA INTERLENGHI,4,,,,,,,,,,,,,,,,,,,
Luiza Marcier,ART1420,1AB,4,CULTURA MODERNA/CONTEMPORANEA,TRUE,FALSE,TRUE,FALSE,FALSE,13,15,VIRTUAL,10 ART/10 QQC,DANIELA CORREA DE OLIVEIRA,4,,,,,,,,,,,,,,,,,,,
Izabel Oliveira,ART1839,1AA,4,TEA X - DESIGN DE HISTÓRIAS: TEORIA E TECNICA DE NARRATIVAS ,TRUE,FALSE,TRUE,FALSE,FALSE,11,13,VIRTUAL,10 ART/10 QQC,MIGUEL SANTOS DE CARVALHO,4,,,,,,,,,,,,,,,,,,,
Eliane Garcia,ART1858,1AA,4,INTRODUÇÃO À PESQUISA,FALSE,FALSE,FALSE,FALSE,FALSE,,,SHF,10 ART/10 QQC,JACKELINE LIMA FARBIARZ,2,HORISTA A CONTRATAR,2,,,,,,,,,,,,,,,,,
Izabel Oliveira,DSG1030,1AA,2,ANTEPROJETO ESPECÍFICO CV,FALSE,TRUE,FALSE,FALSE,FALSE,11,13,VIRTUAL,17 ECV,MARIA JULIA MORAES PINTO NUNES,2,,,,,,,,,,,,,,,,,,,
Izabel Oliveira,DSG1031,1AA,10,PROJETO ESPECIFICO CV,FALSE,TRUE,FALSE,FALSE,FALSE,7,11,L658,10 ECV,IZABEL MARIA DE OLIVEIRA,3,ANDRE LUIS FERREIRA BELTRAO,3,JULIETA COSTA SOBRAL,2,GABRIELA DE GUSMAO PEREIRA,2,,,,,,,,,,,,,
Izabel Oliveira,DSG1031,1AA,10,PROJETO ESPECIFICO CV,FALSE,FALSE,FALSE,TRUE,FALSE,7,13,L658,,IZABEL MARIA DE OLIVEIRA,,ANDRE LUIS FERREIRA BELTRAO,,JULIETA COSTA SOBRAL,,GABRIELA DE GUSMAO PEREIRA,,,,,,,,,,,,,,
Izabel Oliveira,DSG1032,1AA,10,PROJETO FINAL CV,FALSE,TRUE,FALSE,FALSE,FALSE,7,11,L232,18 ECV,LUIZ TORRES LUDWIG,4,IZABEL MARIA DE OLIVEIRA,1,JULIETA COSTA SOBRAL,2,EVELYN GRUMACH,,ROBERTA PORTAS GONCALVES RODRIGUES,3,,,,,,,,,,,
Izabel Oliveira,DSG1032,1AA,10,PROJETO FINAL CV,FALSE,FALSE,FALSE,FALSE,TRUE,7,13,L232,,LUIZ TORRES LUDWIG,,IZABEL MARIA DE OLIVEIRA,,JULIETA COSTA SOBRAL,,EVELYN GRUMACH,,ROBERTA PORTAS GONCALVES RODRIGUES,,,,,,,,,,,,
Izabel Oliveira,DSG1032,1AB,10,PROJETO FINAL CV,FALSE,TRUE,FALSE,FALSE,FALSE,7,11,L232,18 ECV,FABIO PINTO LOPES DE LIMA,4,ROBERTA PORTAS GONCALVES RODRIGUES,,IZABEL MARIA DE OLIVEIRA,1,EVELYN GRUMACH,3,JULIETA COSTA SOBRAL,,Z_PALESTRA,2,,,,,,,,,
Izabel Oliveira,DSG1032,1AB,10,PROJETO FINAL CV,FALSE,FALSE,FALSE,FALSE,TRUE,7,13,L232,,FABIO PINTO LOPES DE LIMA,,ROBERTA PORTAS GONCALVES RODRIGUES,,IZABEL MARIA DE OLIVEIRA,,EVELYN GRUMACH,,JULIETA COSTA SOBRAL,,Z_PALESTRA,,,,,,,,,,
João Bonelli,DSG1041,1AA,10,PROJETO ESPECIFICO DIG,FALSE,TRUE,FALSE,FALSE,FALSE,7,13,L422,11 DIG,MARIA DAS GRACAS DE ALMEIDA CHAGAS,4,JOAO DE SA BONELLI,1,ELIANE GARCIA PEREIRA,1,GUILHERME DE ALMEIDA XAVIER,1,MARCELO FERNANDES PEREIRA,1,JOY HELENA WORMS TILL,1,MARIA CLAUDIA BOLSHAW GOMES,1,,,,,,,
João Bonelli,DSG1041,1AA,10,PROJETO ESPECIFICO DIG,FALSE,FALSE,FALSE,TRUE,FALSE,7,11,L422,,MARIA DAS GRACAS DE ALMEIDA CHAGAS,,JOAO DE SA BONELLI,,ELIANE GARCIA PEREIRA,,GUILHERME DE ALMEIDA XAVIER,,MARCELO FERNANDES PEREIRA,,JOY HELENA WORMS TILL,,MARIA CLAUDIA BOLSHAW GOMES,,,,,,,,
João Bonelli,DSG1042,1AA,10,PROJETO FINAL DIG,FALSE,TRUE,FALSE,FALSE,FALSE,7,11,L532,19 DIG,MARCELO FERNANDES PEREIRA,4,JOAO DE SA BONELLI,1,ELIANE GARCIA PEREIRA,1,GUILHERME DE ALMEIDA XAVIER,1,MARIA DAS GRACAS DE ALMEIDA CHAGAS,1,JOY HELENA WORMS TILL,1,MARIA CLAUDIA BOLSHAW GOMES,1,,,,,,,
João Bonelli,DSG1042,1AA,10,PROJETO FINAL DIG,FALSE,FALSE,FALSE,FALSE,TRUE,7,13,L532,,MARCELO FERNANDES PEREIRA,,JOAO DE SA BONELLI,,ELIANE GARCIA PEREIRA,,GUILHERME DE ALMEIDA XAVIER,,MARIA DAS GRACAS DE ALMEIDA CHAGAS,,JOY HELENA WORMS TILL,,MARIA CLAUDIA BOLSHAW GOMES,,,,,,,,
Isabel Moreira,DSG1051,1AA,10,PROJETO ESPECIFICO MOD,FALSE,TRUE,FALSE,FALSE,FALSE,7,13,ART1,10 MOD,MARIA ELOISA DE JESUS CONCEIÇÃO,5,PRISCILA ANDRADE SILVA,3,CLAUDIA MARIA MONTEIRO VIANNA,1,ISABEL MARTINS MOREIRA,1,,,,,,,,,,,,,
Isabel Moreira,DSG1051,1AA,10,PROJETO ESPECIFICO MOD,FALSE,FALSE,FALSE,TRUE,FALSE,7,11,LABMET,,MARIA ELOISA DE JESUS CONCEIÇÃO,,PRISCILA ANDRADE SILVA,,CLAUDIA MARIA MONTEIRO VIANNA,,,,,,,,,,,,,,,,
Isabel Moreira,DSG1052,1AA,8,PROJETO FINAL MOD,FALSE,TRUE,FALSE,FALSE,TRUE,7,11,ART2,11 MOD,ISABEL MARTINS MOREIRA,4,WALVYKER ALVES DE SOUZA,4,,,,,,,,,,,,,,,,,
Isabel Moreira,DSG1052,1AB,8,PROJETO FINAL MOD,FALSE,TRUE,FALSE,FALSE,TRUE,7,11,ART2,12 MOD,LUCIANA BARBOSA DE SOUSA,4,BARBARA DE OLIVEIRA E CRUZ,4,,,,,,,,,,,,,,,,,
Claudia Kayat,DSG1061,1AA,10,PROJETO ESPECIFICO PP,FALSE,TRUE,FALSE,FALSE,FALSE,7,11,ART3,10 EPP,AUGUSTO SEIBEL MACHADO,4,FELIPE RANGEL CARNEIRO,4,CLAUDIA HABIB KAYAT,2,,,,,,,,,,,,,,,
Claudia Kayat,DSG1061,1AA,10,PROJETO ESPECIFICO PP,FALSE,FALSE,FALSE,TRUE,FALSE,7,13,ART3,,AUGUSTO SEIBEL MACHADO,,FELIPE RANGEL CARNEIRO,,CLAUDIA HABIB KAYAT,,,,,,,,,,,,,,,,
Claudia Kayat,DSG1062,1AA,10,PROJETO ESPECIFICO PP,FALSE,TRUE,FALSE,FALSE,FALSE,7,11,LAMP,12 EPP,FELIPE RANGEL CARNEIRO,3,CLAUDIA HABIB KAYAT,1,AUGUSTO SEIBEL MACHADO,2,GABRIELLA FERREIRA CHAVES VACCARI,4,,,,,,,,,,,,,
Claudia Kayat,DSG1062,1AA,10,PROJETO ESPECIFICO PP,FALSE,FALSE,FALSE,FALSE,TRUE,7,13,LAMP,,FELIPE RANGEL CARNEIRO,,CLAUDIA HABIB KAYAT,,AUGUSTO SEIBEL MACHADO,,GABRIELLA FERREIRA CHAVES VACCARI,,,,,,,,,,,,,,
João Bonelli,DSG1105,1AA,2,NOVAS TECNOLOGIAS,FALSE,FALSE,TRUE,FALSE,FALSE,9,11,VIRTUAL,20 ART/ 5 QQC,ALEXANDRE CANTINI REZENDE,2,,,,,,,,,,,,,,,,,,,
João Bonelli,DSG1105,1AB,2,NOVAS TECNOLOGIAS,FALSE,FALSE,FALSE,TRUE,FALSE,9,11,VIRTUAL,20 ART/ 5 QQC,FLAVIO MARQUES DE CARVALHO JUNIOR,2,,,,,,,,,,,,,,,,,,,
João Bonelli,DSG1143,1AA,3,ED/POS-PROD IMAG EM MOVIMENTO,FALSE,FALSE,FALSE,FALSE,TRUE,7,10,K15,20 ART,ELIANE GARCIA PEREIRA,3,,,,,,,,,,,,,,,,,,,
João Bonelli,DSG1143,1AB,3,ED/POS-PROD IMAG EM MOVIMENTO,FALSE,FALSE,FALSE,FALSE,TRUE,13,16,K15,20 ART ,JOSE ROBERTO SANSEVERINO,3,,,,,,,,,,,,,,,,,,,
João Bonelli,DSG1144,1AA,3,MODELAGEM VIRTUAL,FALSE,TRUE,FALSE,FALSE,FALSE,13,16,K15,15 ART/5 QQC,HELENA CAVALCANTI DE ALBUQUERQUE,3,,,,,,,,,,,,,,,,,,,
Izabel Oliveira,DSG1305,1AA,3,BIÔNICA PARA COMUNICAÇÃO VISUAL,FALSE,FALSE,TRUE,FALSE,FALSE,9,12,K17,15 ART/5 QQC,NATHALIA CHEHAB DE SA CAVALCANTE,3,,,,,,,,,,,,,,,,,,,
Izabel Oliveira,DSG1323,1AA,4,TEORIAS E ENFOQUES CRÍTICOS NA CV,FALSE,FALSE,TRUE,FALSE,FALSE,11,13,VIRTUAL,15 ART/5 QQC,SIMONE CARVALHO DE FORMIGA XAVIER,4,,,,,,,,,,,,,,,,,,,
Izabel Oliveira,DSG1323,1AA,4,TEORIAS E ENFOQUES CRÍTICOS NA CV,FALSE,FALSE,FALSE,FALSE,TRUE,11,13,L260,15 ART/5 QQC,SIMONE CARVALHO DE FORMIGA XAVIER,,,,,,,,,,,,,,,,,,,,
Izabel Oliveira,DSG1332,1AA,2,TIPOGRAFIA II ,FALSE,FALSE,FALSE,TRUE,FALSE,9,11,ART2,20 ART,FABIO PINTO LOPES DE LIMA,2,,,,,,,,,,,,,,,,,,,
Izabel Oliveira,DSG1336,1AA,2,ENCADERNAÇÃO,FALSE,FALSE,TRUE,FALSE,FALSE,13,15,K17,10 ART/10 QQC,CRISTINA VIANA TENENBAUM,2,,,,,,,,,,,,,,,,,,,
João Bonelli,DSG1413,1AA,3,DESIGN DE OBJETOS INTELIGENTES,FALSE,TRUE,FALSE,FALSE,FALSE,11,14,LIFE,20 ART,LUIZ TORRES LUDWIG,3,,,,,,,,,,,,,,,,,,,
Luiza Marcier,DSG1414,1AA,3,HIST MIDIAS DIGIT INTERATIVAS,FALSE,FALSE,TRUE,FALSE,FALSE,13,16,VIRTUAL,10 ART/10 QQC,LEONARDO CARDARELLI LEITE,3,,,,,,,,,,,,,,,,,,,
João Bonelli,DSG1421,1AA,3,PRINCIPIOS DE ANIMAÇÃO,FALSE,TRUE,FALSE,FALSE,FALSE,13,16,LAIA,20 QQC,MARCOS AMARANTE DE ALMEIDA MAGALHAES,3,,,,,,,,,,,,,,,,,,,
Luiza Marcier,DSG1423,1AA,2,HISTORIA DA ANIMACAO,FALSE,FALSE,TRUE,FALSE,FALSE,17,19,VIRTUAL,20 QQC,MARCOS AMARANTE DE ALMEIDA MAGALHAES,2,,,,,,,,,,,,,,,,,,,
João Bonelli,DSG1424,1AA,3,ANIMACAO,FALSE,FALSE,TRUE,FALSE,FALSE,13,16,LAIA,10 ART/10 QQC,MARIA CLAUDIA BOLSHAW GOMES,3,,,,,,,,,,,,,,,,,,,
João Bonelli,DSG1424,1AB,3,ANIMACAO em inglês,FALSE,TRUE,FALSE,FALSE,FALSE,16,19,LAIA,20 QQC,MARCOS AMARANTE DE ALMEIDA MAGALHAES,3,,,,,,,,,,,,,,,,,,,
João Bonelli,DSG1432,1AA,3,COMP. GRAF. E TEC. JOGOS ELET,FALSE,FALSE,FALSE,FALSE,TRUE,9,12,LIFE,15 ART/5 QQC,LEONARDO CARDARELLI LEITE,3,,,,,,,,,,,,,,,,,,,
João Bonelli,DSG1442,1AA,3,NARRATIVA EM MULTIMIDIA ,TRUE,FALSE,FALSE,FALSE,FALSE,9,12,VIRTUAL,10 ART/10 QQC,RIAN OLIVEIRA REZENDE,,,,,,,,,,,,,,,,,,,,
Isabel Moreira,DSG1515,1AA,2,TEC. DE COSTURA,FALSE,FALSE,TRUE,FALSE,FALSE,9,11,LABMET,10 ART/10 QQC,WALVYKER ALVES DE SOUZA,2,,,,,,,,,,,,,,,,,,,
Isabel Moreira,DSG1516,1AA,3,DESENHO DE MODA aux por comp. - CAD,FALSE,FALSE,FALSE,TRUE,FALSE,11,14,LIFE,13 ART/,CLAUDIA MARIA MONTEIRO VIANNA,3,,,,,,,,,,,,,,,,,,,
Isabel Moreira,DSG1517,1AA,3,DESIGN DE ESTAMPARIA  ,FALSE,FALSE,FALSE,TRUE,FALSE,13,16,K17,10 ART/ 10 QQC,PRISCILA ANDRADE SILVA,3,,,,,,,,,,,,,,,,,,,
Isabel Moreira,DSG1518,1AA,4,TECNOLOGIA TÊXTIL,FALSE,FALSE,FALSE,FALSE,TRUE,11,15,ART4,15 ART/5 QQC,BARBARA DE OLIVEIRA E CRUZ,4,,,,,,,,,,,,,,,,,,,
Luiza Marcier,DSG1532,1AA,2,HIST DA MODA CONTEMPORANEA I,FALSE,FALSE,FALSE,FALSE,TRUE,9,11,VIRTUAL,10 ART/10 QQC,DANIELA CORREA DE OLIVEIRA,2,,,,,,,,,,,,,,,,,,,
Isabel Moreira,DSG1551,1AA,4,DESIGN DE ADORNOS PESSOAIS,FALSE,TRUE,FALSE,TRUE,FALSE,9,11,L260,20 ART,IRINA ARAGAO DOS SANTOS,4,,,,,,,,,,,,,,,,,,,
Isabel Moreira,DSG1552,1AA,2,HISTÓRIA DO ADORNO PESSOAL II,FALSE,FALSE,TRUE,FALSE,FALSE,11,13,L120,5 QQC / 15 ART,IRINA ARAGAO DOS SANTOS,2,,,,,,,,,,,,,,,,,,,
Claudia Kayat,DSG1613,1AA,2,REPRESENTAÇÃO EM VOLUME III,TRUE,FALSE,FALSE,FALSE,FALSE,7,9,K08,15 EPP,GABRIELLA FERREIRA CHAVES VACCARI,2,,,,,,,,,,,,,,,,,,,
Claudia Kayat,DSG1623,1AA,4,MATERIAIS E PROCES. DE PROD II ,FALSE,FALSE,TRUE,FALSE,FALSE,7,11,ART5,20 EPP,MARCO ANTONIO MAGALHAES LIMA,4,,,,,,,,,,,,,,,,,,,
João Bonelli,DSG1717,1AA,2,TED XIV - DISTRIBUIÇÃO AUDIOVISUAL,TRUE,FALSE,FALSE,FALSE,FALSE,9,11,VIRTUAL,10 ART/10 QQC,MARIA CLAUDIA BOLSHAW GOMES,2,,,,,,,,,,,,,,,,,,,
João Bonelli,DSG1718,1AA,2,NARRATIVAS AUDIOVISUAIS,FALSE,FALSE,TRUE,FALSE,FALSE,9,11,VIRTUAL,10 ART/10 QQC,MIGUEL SANTOS DE CARVALHO,2,,,,,,,,,,,,,,,,,,,
Eliane Garcia,DSG1782,1AA,4,AQUARELAS LIQUIDAS,TRUE,FALSE,FALSE,FALSE,FALSE,13,17,ART4,10 ART/10 QQC,EDUARDO ROCHA DE OLIVEIRA FILHO,4,,,,,,,,,,,,,,,,,,,
Jorge Langone,DSG1801,1AA,2,CONTEÚDOS ESTRUTURANTES: OLHAR INTRAMUROS,FALSE,TRUE,FALSE,FALSE,FALSE,13,15,L532,18 CAL/2 QQC,MARIA JULIA MORAES PINTO NUNES,2,,,,,,,,,,,,,,,,,,,1o 
Jorge Langone,DSG1801,1AB,2,CONTEÚDOS ESTRUTURANTES: OLHAR INTRAMUROS,FALSE,TRUE,FALSE,FALSE,FALSE,13,15,L120,18 CAL/2 QQC,HORISTA A CONTRATAR,2,,,,,,,,,,,,,,,,,,,1o 
Jorge Langone,DSG1801,1AC,2,CONTEÚDOS ESTRUTURANTES: OLHAR INTRAMUROS,FALSE,TRUE,FALSE,FALSE,FALSE,13,15,L658,18 CAL/2 QQC,FLAVIA NIZIA DA FONSECA RIBEIRO,2,,,,,,,,,,,,,,,,,,,1o 
Jorge Langone,DSG1801,1AD,2,CONTEÚDOS ESTRUTURANTES: OLHAR INTRAMUROS,FALSE,TRUE,FALSE,FALSE,FALSE,13,15,ART3,18 CAL/2 QQC,DANIEL MALAGUTI CAMPOS,2,,,,,,,,,,,,,,,,,,,1o 
Jorge Langone,DSG1801,1AE,2,CONTEÚDOS ESTRUTURANTES: OLHAR INTRAMUROS,FALSE,TRUE,FALSE,FALSE,FALSE,13,15,L328,18 CAL/2 QQC,GUILHERME DE ALMEIDA XAVIER,2,,,,,,,,,,,,,,,,,,,1o 
Jorge Langone,DSG1801,1AF,2,CONTEÚDOS ESTRUTURANTES: OLHAR INTRAMUROS,FALSE,TRUE,FALSE,FALSE,FALSE,13,15,ART4,18 CAL/2 QQC,MIGUEL SANTOS DE CARVALHO,2,,,,,,,,,,,,,,,,,,,1o 
Jorge Langone,DSG1801,1AG,2,CONTEÚDOS ESTRUTURANTES: OLHAR INTRAMUROS,FALSE,TRUE,FALSE,FALSE,FALSE,13,15,ART5,18 CAL/2 QQC,JORGE LANGONE,2,,,,,,,,,,,,,,,,,,,1o 
Jorge Langone,DSG1802,1AA,2,CONTEÚDOS ESTRUTURANTES: OLHAR EXTRAMUROS,FALSE,FALSE,FALSE,TRUE,FALSE,13,15,L120,20 ART,MONICA SABOIA SADDI,2,,1,,,,,,,,,,,,,,,,,2o
Jorge Langone,DSG1802,1AB,2,CONTEÚDOS ESTRUTURANTES: OLHAR EXTRAMUROS,FALSE,FALSE,FALSE,TRUE,FALSE,13,15,L328,21 ART,JOAO DE SA BONELLI,1,LUIZ EDUARDO DUTRA COELHO DA ROCHA,1,,,,,,,,,,,,,,,,,2o
Jorge Langone,DSG1802,1AC,2,CONTEÚDOS ESTRUTURANTES: OLHAR EXTRAMUROS,FALSE,FALSE,FALSE,TRUE,FALSE,13,15,ART3,21 ART,RENATA MATTOS EYER DE ARAUJO,1,LUIZ EDUARDO DUTRA COELHO DA ROCHA,1,,,,,,,,,,,,,,,,,2o
Jorge Langone,DSG1802,1AD,2,CONTEÚDOS ESTRUTURANTES: OLHAR EXTRAMUROS,FALSE,FALSE,FALSE,TRUE,FALSE,13,15,ART5,21 ART,HORISTA A CONTRATAR,2,,1,,,,,,,,,,,,,,,,,2o
Jorge Langone,DSG1803,1AA,2,CONTEÚDOS ESTRUTURANTES: PROJETAR EM PARCERIA,TRUE,FALSE,FALSE,FALSE,FALSE,13,15,ART2,24 ART,LUIS VICENTE BARROS CARDOSO DE MELO,1,PALESTRA,1,,,,,,,,,,,,,,,,,3o
Jorge Langone,DSG1803,1AB,2,CONTEÚDOS ESTRUTURANTES: PROJETAR EM PARCERIA,TRUE,FALSE,FALSE,FALSE,FALSE,13,15,ART5,24 ART,CARLOS ANDRE LAMEIRAO CORTES,1,PALESTRA,1,,,,,,,,,,,,,,,,,3o
Jorge Langone,DSG1803,1AC,2,CONTEÚDOS ESTRUTURANTES: PROJETAR EM PARCERIA,TRUE,FALSE,FALSE,FALSE,FALSE,13,15,L232,24 ART,LUCIANA GRETHER DE MELLO CARVALHO,1,PALESTRA,1,,,,,,,,,,,,,,,,,3o
Jorge Langone,DSG1803,1AD,2,CONTEÚDOS ESTRUTURANTES: PROJETAR EM PARCERIA,TRUE,FALSE,FALSE,FALSE,FALSE,13,15,L260,24 ART,RIAN OLIVEIRA REZENDE,2,,1,,,,,,,,,,,,,,,,,3o
Jorge Langone,DSG1803,1AE,2,CONTEÚDOS ESTRUTURANTES: PROJETAR EM PARCERIA,TRUE,FALSE,FALSE,FALSE,FALSE,13,15,IAG3,24 ART,CLAUDIO GOMES WERNECK DE FREITAS,2,,1,,,,,,,,,,,,,,,,,3o
Jorge Langone,DSG1804,1AA,2,CONTEÚDOS ESTRUTURANTES: PROJETAR EM SOCIEDADE,FALSE,TRUE,FALSE,FALSE,FALSE,9,11,ART4,17 ART,MARIA JULIA MORAES PINTO NUNES,2,,,,,,,,,,,,,,,,,,,4o
Jorge Langone,DSG1804,1AB,2,CONTEÚDOS ESTRUTURANTES: PROJETAR EM SOCIEDADE,FALSE,TRUE,FALSE,FALSE,FALSE,9,11,ART5,18 ART,CLAUDIO GOMES WERNECK DE FREITAS,2,,,,,,,,,,,,,,,,,,,4o
Jorge Langone,DSG1804,1AC,2,CONTEÚDOS ESTRUTURANTES: PROJETAR EM SOCIEDADE,FALSE,TRUE,FALSE,FALSE,FALSE,9,11,L120,18 ART,GILBERTO MENDES CORREIA JUNIOR,2,,,,,,,,,,,,,,,,,,,4o
Jorge Langone,DSG1805,1AA,2,CONTEÚDOS ESTRUTURANTES: PROJETAR PARA CONCRETIZAR,FALSE,FALSE,TRUE,FALSE,FALSE,9,11,L120,21 ART,ROMULO MIYAZAWA MATTEONI,2,,,,,,,,,,,,,,,,,,,5o
Jorge Langone,DSG1805,1AB,2,CONTEÚDOS ESTRUTURANTES: PROJETAR PARA CONCRETIZAR,FALSE,FALSE,TRUE,FALSE,FALSE,9,11,ART2,21 ART,VERA LUCIA MOREIRA DOS SANTOS NOJIMA,2,,,,,,,,,,,,,,,,,,,5o
Jorge Langone,DSG1805,1AC,2,CONTEÚDOS ESTRUTURANTES: PROJETAR PARA CONCRETIZAR,FALSE,FALSE,TRUE,FALSE,FALSE,9,11,ART3,22 ART,FLAVIA NIZIA DA FONSECA RIBEIRO,2,,,,,,,,,,,,,,,,,,,5o
Jorge Langone,DSG1805,1AD,2,CONTEÚDOS ESTRUTURANTES: PROJETAR PARA CONCRETIZAR,FALSE,FALSE,TRUE,FALSE,FALSE,9,11,L232,22 ART,IRINA ARAGAO DOS SANTOS,2,,,,,,,,,,,,,,,,,,,5o
Jorge Langone,DSG1806,1AA,2,CONTEÚDOS ESTRUTURANTES: PROJETAR PARA RESSIGNIFICAR A PRÁTICA,FALSE,FALSE,TRUE,FALSE,FALSE,9,11,L260,12 ART,ROBERTA PORTAS GONCALVES RODRIGUES,2,,,,,,,,,,,,,,,,,,,6o
Jorge Langone,DSG1806,1AB,2,CONTEÚDOS ESTRUTURANTES: PROJETAR PARA RESSIGNIFICAR A PRÁTICA,FALSE,FALSE,TRUE,FALSE,FALSE,9,11,L422,12 ART,PRISCILA ANDRADE SILVA,2,,,,,,,,,,,,,,,,,,,6o
Claudia Bolshaw,DSG1811,1AA,4,ESTÚDIO: OLHAR INTRAMUROS,FALSE,FALSE,FALSE,TRUE,FALSE,13,17,L232,18 CAL/2 QQC,FLAVIA NIZIA DA FONSECA RIBEIRO,2,PALESTRA,2,,,,,,,,,,,,,,,,,1o 
Claudia Bolshaw,DSG1811,1AB,4,ESTÚDIO: OLHAR INTRAMUROS,FALSE,FALSE,FALSE,TRUE,FALSE,13,17,L232,18 CAL/2 QQC,LUIS VICENTE BARROS CARDOSO DE MELO,2,PALESTRA,2,,,,,,,,,,,,,,,,,1o 
Claudia Bolshaw,DSG1811,1AC,4,ESTÚDIO: OLHAR INTRAMUROS,FALSE,FALSE,FALSE,TRUE,FALSE,13,17,L260,18 CAL/2 QQC,MARIO AUGUSTO PINTO DE SOUZA SEIXAS,2,PALESTRA,2,,,,,,,,,,,,,,,,,1o 
Claudia Bolshaw,DSG1811,1AD,4,ESTÚDIO: OLHAR INTRAMUROS,FALSE,FALSE,FALSE,TRUE,FALSE,13,17,L260,18 CAL/2 QQC,CARLOS ANDRE LAMEIRAO CORTES,2,PALESTRA,2,,,,,,,,,,,,,,,,,1o 
Claudia Bolshaw,DSG1811,1AE,4,ESTÚDIO: OLHAR INTRAMUROS,FALSE,FALSE,FALSE,TRUE,FALSE,13,17,L532,18 CAL/2 QQC,LUIZA FERRO COSTA MARCIER,2,PALESTRA,2,,,,,,,,,,,,,,,,,1o 
Claudia Bolshaw,DSG1811,1AF,4,ESTÚDIO: OLHAR INTRAMUROS,FALSE,FALSE,FALSE,TRUE,FALSE,13,17,L532,18 CAL/2 QQC,CLAUDIO GOMES WERNECK DE FREITAS,2,PALESTRA,2,,,,,,,,,,,,,,,,,1o 
Claudia Bolshaw,DSG1811,1AG,4,ESTÚDIO: OLHAR INTRAMUROS,FALSE,FALSE,FALSE,TRUE,FALSE,13,17,ART4,18 CAL/2 QQC,BARBARA DE OLIVEIRA E CRUZ,2,PALESTRA,2,,,,,,,,,,,,,,,,,1o 
Isabel Moreira,DSG1812,1AA,4,ESTÚDIO: OLHAR EXTRAMUROS,FALSE,TRUE,FALSE,FALSE,FALSE,13,17,L260,13 ART,ISABEL MARTINS MOREIRA,3,PALESTRA,2,,,,,,,,,,,,,,,,,2o
Isabel Moreira,DSG1812,1AB,4,ESTÚDIO: OLHAR EXTRAMUROS,FALSE,TRUE,FALSE,FALSE,FALSE,13,17,L260,14 ART,RIAN OLIVEIRA REZENDE,2,MATEU DE ATHAYDE VELASCO,2,,,,,,,,,,,,,,,,,2o
Isabel Moreira,DSG1812,1AC,4,ESTÚDIO: OLHAR EXTRAMUROS,FALSE,TRUE,FALSE,FALSE,FALSE,13,17,L232,14 ART,CRISTINA VIANA TENENBAUM,3,PALESTRA,1,,,,,,,,,,,,,,,,,2o
Isabel Moreira,DSG1812,1AD,4,ESTÚDIO: OLHAR EXTRAMUROS,FALSE,TRUE,FALSE,FALSE,FALSE,13,17,L232,14 ART,AUGUSTO SEIBEL MACHADO,2,GABRIELA DE GUSMAO PEREIRA,2,,,,,,,,,,,,,,,,,2o
Isabel Moreira,DSG1812,1AE,4,ESTÚDIO: OLHAR EXTRAMUROS,FALSE,TRUE,FALSE,FALSE,FALSE,13,17,L422,14 ART,GILBERTO MENDES CORREIA JUNIOR,3,PALESTRA,1,,,,,,,,,,,,,,,,,2o
Isabel Moreira,DSG1812,1AF,4,ESTÚDIO: OLHAR EXTRAMUROS,FALSE,TRUE,FALSE,FALSE,FALSE,13,17,L422,14 ART,MARCELO FERNANDES PEREIRA,2,JULIETA COSTA SOBRAL,2,,,,,,,,,,,,,,,,,2o
Renata Mattos,DSG1813,1AA,6,PROJETO: PROJETAR EM PARCERIA,FALSE,FALSE,TRUE,FALSE,FALSE,13,19,ART4,15 ART,RENATA MATTOS EYER DE ARAUJO,4,PALESTRA,2,,,,,,,,,,,,,,,,,3o
Renata Mattos,DSG1813,1AB,6,PROJETO: PROJETAR EM PARCERIA,FALSE,FALSE,TRUE,FALSE,FALSE,13,19,ART4,15 ART,CARLOS ANDRE LAMEIRAO CORTES,4,PALESTRA,2,,,,,,,,,,,,,,,,,3o
Renata Mattos,DSG1813,1AC,6,PROJETO: PROJETAR EM PARCERIA,FALSE,FALSE,TRUE,FALSE,FALSE,13,19,ART5,15 ART,LUIS VICENTE BARROS CARDOSO DE MELO,4,PALESTRA,2,,,,,,,,,,,,,,,,,3o
Renata Mattos,DSG1813,1AD,6,PROJETO: PROJETAR EM PARCERIA,FALSE,FALSE,TRUE,FALSE,FALSE,13,19,ART5,15 ART,LUCIANA GRETHER DE MELLO CARVALHO,4,PALESTRA,2,,,,,,,,,,,,,,,,,3o
Renata Mattos,DSG1813,1AE,6,PROJETO: PROJETAR EM PARCERIA,FALSE,FALSE,TRUE,FALSE,FALSE,13,19,L260,15 ART,LUIZA NOVAES,4,PALESTRA,2,,,,,,,,,,,,,,,,,3o
Renata Mattos,DSG1813,1AF,6,PROJETO: PROJETAR EM PARCERIA,FALSE,FALSE,TRUE,FALSE,FALSE,13,19,L260,15 ART,LUCIANA BARBOSA DE SOUSA,4,PALESTRA,2,,,,,,,,,,,,,,,,,3o
Renata Mattos,DSG1813,1AG,6,PROJETO: PROJETAR EM PARCERIA,FALSE,FALSE,TRUE,FALSE,FALSE,13,19,L232,15 ART,HORISTA A CONTRATAR,4,PALESTRA,2,,,,,,,,,,,,,,,,,3o
Renata Mattos,DSG1813,1AH,6,PROJETO: PROJETAR EM PARCERIA,FALSE,FALSE,TRUE,FALSE,FALSE,13,19,L232,15 ART,HORISTA A CONTRATAR,4,PALESTRA,2,,,,,,,,,,,,,,,,,3o
Guilherme Toledo,DSG1814,1AA,6,PROJETO: PROJETAR EM SOCIEDADE,TRUE,FALSE,FALSE,FALSE,FALSE,9,13,L232,13 ART,GUILHERME AZEVEDO TOLEDO,4,JOAO VICTOR AZEVEDO DE MENEZES CORREIA DE MELO,2,,,,,,,,,,,,,,,,,4o
Guilherme Toledo,DSG1814,1AA,6,PROJETO: PROJETAR EM SOCIEDADE,FALSE,FALSE,TRUE,FALSE,FALSE,11,13,L232,,GUILHERME AZEVEDO TOLEDO,,,,,,,,,,,,,,,,,,,,4o
Guilherme Toledo,DSG1814,1AB,6,PROJETO: PROJETAR EM SOCIEDADE,TRUE,FALSE,FALSE,FALSE,FALSE,9,13,L232,13 ART,ROMULO MIYAZAWA MATTEONI,4,JOAO VICTOR AZEVEDO DE MENEZES CORREIA DE MELO,2,,,,,,,,,,,,,,,,,4o
Guilherme Toledo,DSG1814,1AB,6,PROJETO: PROJETAR EM SOCIEDADE,FALSE,FALSE,TRUE,FALSE,FALSE,11,13,L232,,ROMULO MIYAZAWA MATTEONI,,,,,,,,,,,,,,,,,,,,4o
Guilherme Toledo,DSG1814,1AC,6,PROJETO: PROJETAR EM SOCIEDADE,TRUE,FALSE,FALSE,FALSE,FALSE,9,13,L260,13 ART,CLAUDIA HABIB KAYAT,4,DANIEL MALAGUTI CAMPOS,2,,,,,,,,,,,,,,,,,4o
Guilherme Toledo,DSG1814,1AC,6,PROJETO: PROJETAR EM SOCIEDADE,FALSE,FALSE,TRUE,FALSE,FALSE,11,13,L260,,CLAUDIA HABIB KAYAT,,,,,,,,,,,,,,,,,,,,4o
Guilherme Toledo,DSG1814,1AD,6,PROJETO: PROJETAR EM SOCIEDADE,TRUE,FALSE,FALSE,FALSE,FALSE,9,13,L260,13 ART,FELIPE RANGEL CARNEIRO,4,DANIEL MALAGUTI CAMPOS,2,,,,,,,,,,,,,,,,,4o
Guilherme Toledo,DSG1814,1AD,6,PROJETO: PROJETAR EM SOCIEDADE,FALSE,FALSE,TRUE,FALSE,FALSE,11,13,L260,,FELIPE RANGEL CARNEIRO,,,,,,,,,,,,,,,,,,,,4o
Augusto Seibel,DSG1815,1AA,6,PROJETO: PROJETAR PARA CONCRETIZAR,TRUE,FALSE,FALSE,FALSE,FALSE,9,13,ART1,14 ART,AUGUSTO SEIBEL MACHADO,4,PALESTRA,2,,,,,,,,,,,,,,,,,5o
Augusto Seibel,DSG1815,1AA,6,PROJETO: PROJETAR PARA CONCRETIZAR,FALSE,FALSE,TRUE,FALSE,FALSE,11,13,ART1,,AUGUSTO SEIBEL MACHADO,,,,,,,,,,,,,,,,,,,,5o
Augusto Seibel,DSG1815,1AB,6,PROJETO: PROJETAR PARA CONCRETIZAR,TRUE,FALSE,FALSE,FALSE,FALSE,9,13,ART1,14 ART,CLAUDIO GOMES WERNECK DE FREITAS,4,PALESTRA,2,,,,,,,,,,,,,,,,,5o
Augusto Seibel,DSG1815,1AB,6,PROJETO: PROJETAR PARA CONCRETIZAR,FALSE,FALSE,TRUE,FALSE,FALSE,11,13,ART1,,CLAUDIO GOMES WERNECK DE FREITAS,,,,,,,,,,,,,,,,,,,,5o
Augusto Seibel,DSG1815,1AC,6,PROJETO: PROJETAR PARA CONCRETIZAR,TRUE,FALSE,FALSE,FALSE,FALSE,9,13,ART2,14 ART,GILBERTO MENDES CORREIA JUNIOR,4,PALESTRA,2,,,,,,,,,,,,,,,,,5o
Augusto Seibel,DSG1815,1AC,6,PROJETO: PROJETAR PARA CONCRETIZAR,FALSE,FALSE,TRUE,FALSE,FALSE,11,13,ART2,,GILBERTO MENDES CORREIA JUNIOR,,,,,,,,,,,,,,,,,,,,5o
Augusto Seibel,DSG1815,1AD,6,PROJETO: PROJETAR PARA CONCRETIZAR,TRUE,FALSE,FALSE,FALSE,FALSE,9,13,ART2,15 ART,RENATA MATTOS EYER DE ARAUJO,4,PALESTRA,2,,,,,,,,,,,,,,,,,5o
Augusto Seibel,DSG1815,1AD,6,PROJETO: PROJETAR PARA CONCRETIZAR,FALSE,FALSE,TRUE,FALSE,FALSE,11,13,ART2,,RENATA MATTOS EYER DE ARAUJO,,,,,,,,,,,,,,,,,,,,5o
Augusto Seibel,DSG1815,1AE,6,PROJETO: PROJETAR PARA CONCRETIZAR,TRUE,FALSE,FALSE,FALSE,FALSE,9,13,ART3,14 ART,ISABEL MARTINS MOREIRA,4,PALESTRA,2,,,,,,,,,,,,,,,,,5o
Augusto Seibel,DSG1815,1AE,6,PROJETO: PROJETAR PARA CONCRETIZAR,FALSE,FALSE,TRUE,FALSE,FALSE,11,13,ART3,,ISABEL MARTINS MOREIRA,,,,,,,,,,,,,,,,,,,,5o
Augusto Seibel,DSG1815,1AF,6,PROJETO: PROJETAR PARA CONCRETIZAR,TRUE,FALSE,FALSE,FALSE,FALSE,9,13,ART3,15 ART,MARCELO FERNANDES PEREIRA,4,PALESTRA,2,,,,,,,,,,,,,,,,,5o
Augusto Seibel,DSG1815,1AF,6,PROJETO: PROJETAR PARA CONCRETIZAR,FALSE,FALSE,TRUE,FALSE,FALSE,11,13,ART3,,MARCELO FERNANDES PEREIRA,,,,,,,,,,,,,,,,,,,,5o
Luiza Marcier,DSG1816,1AA,6,PROJETO: PROJETAR PARA  RESSIGNIFICAR A  PRÁTICA,TRUE,FALSE,FALSE,FALSE,FALSE,9,13,L532,12 ART,LUIZA FERRO COSTA MARCIER,3,GABRIELA DE GUSMAO PEREIRA,3,,,,,,,,,,,,,,,,,6o
Luiza Marcier,DSG1816,1AA,6,PROJETO: PROJETAR PARA  RESSIGNIFICAR A  PRÁTICA,FALSE,FALSE,TRUE,FALSE,FALSE,11,13,L532,,LUIZA FERRO COSTA MARCIER,,GABRIELA DE GUSMAO PEREIRA,,,,,,,,,,,,,,,,,,6o
Luiza Marcier,DSG1816,1AB,6,PROJETO: PROJETAR PARA  RESSIGNIFICAR A  PRÁTICA,TRUE,FALSE,FALSE,FALSE,FALSE,9,13,L532,12 ART,JORGE LANGONE,3,LUIZ TORRES LUDWIG,3,,,,,,,,,,,,,,,,,6o
Luiza Marcier,DSG1816,1AB,6,PROJETO: PROJETAR PARA  RESSIGNIFICAR A  PRÁTICA,FALSE,FALSE,TRUE,FALSE,FALSE,11,13,L532,,JORGE LANGONE,,LUIZ TORRES LUDWIG,,,,,,,,,,,,,,,,,,6o
Luiza Marcier,DSG1821,1AA,2,HISTORIA E TEORIA DO DESIGN I,FALSE,TRUE,FALSE,FALSE,FALSE,15,17,L328,18 CAL/2QQC,SILVIA HELENA SOARES DA COSTA,2,,,,,,,,,,,,,,,,,,,1o 
Luiza Marcier,DSG1821,1AB,2,HISTORIA E TEORIA DO DESIGN I,FALSE,TRUE,FALSE,FALSE,FALSE,11,13,ART3,18 CAL/2QQC,IRINA ARAGAO DOS SANTOS,2,,,,,,,,,,,,,,,,,,,1o 
Luiza Marcier,DSG1821,1AC,2,HISTÓRIA E TEORIA DO DESIGN I,TRUE,FALSE,FALSE,FALSE,FALSE,11,13,IAG3,18 CAL/2QQC,FLAVIA NIZIA DA FONSECA RIBEIRO,2,,,,,,,,,,,,,,,,,,,1o 
Luiza Marcier,DSG1821,1AD,2,HISTORIA E TEORIA DO DESIGN I,FALSE,TRUE,FALSE,FALSE,FALSE,15,17,SALA,18 CAL/2QQC,FLAVIA NIZIA DA FONSECA RIBEIRO,2,,,,,,,,,,,,,,,,,,,1o 
Luiza Marcier,DSG1821,1AE,2,HISTORIA E TEORIA DO DESIGN I,FALSE,TRUE,FALSE,FALSE,FALSE,17,19,L328,18 CAL/2QQC,LUIZA FERRO COSTA MARCIER,2,,,,,,,,,,,,,,,,,,,1o 
Luiza Marcier,DSG1821,1AF,2,HISTORIA E TEORIA DO DESIGN I,FALSE,TRUE,FALSE,FALSE,FALSE,17,19,ART2,18 CAL/2QQC,LUIZA MARIA INTERLENGHI,2,,,,,,,,,,,,,,,,,,,1o 
Luiza Marcier,DSG1821,1AG,2,HISTORIA E TEORIA DO DESIGN I,FALSE,TRUE,FALSE,FALSE,FALSE,15,17,L120,18 CAL/2QQC,LUIZA FERRO COSTA MARCIER,2,,,,,,,,,,,,,,,,,,,1o 
Luiza Marcier,DSG1822,1AA,2,HISTORIA DO DESIGN BRASILEIRO,FALSE,FALSE,TRUE,FALSE,FALSE,17,19,L328,25 ART,FLAVIA NIZIA DA FONSECA RIBEIRO,2,,,,,,,,,,,,,,,,,,,2o
Luiza Marcier,DSG1822,1AB,2,HISTORIA DO DESIGN BRASILEIRO,FALSE,FALSE,TRUE,FALSE,FALSE,15,17,L328,25 ART,FLAVIA NIZIA DA FONSECA RIBEIRO,2,,,,,,,,,,,,,,,,,,,2o
Luiza Marcier,DSG1822,1AC,2,HISTORIA DO DESIGN BRASILEIRO,TRUE,FALSE,FALSE,FALSE,FALSE,15,17,L328,25 ART,CRISTINE NOGUEIRA NUNES,2,,,,,,,,,,,,,,,,,,,2o
Luiza Marcier,DSG1822,1AD,2,HISTORIA DO DESIGN BRASILEIRO,TRUE,FALSE,FALSE,FALSE,FALSE,9,11,VIRTUAL,20 ART,JOAQUIM DE SALLES REDIG DE CAMPOS,2,,,,,,,,,,,,,,,,,,,2o
Luiza Marcier,DSG1823,1AA,2,HISTÓRIA E TEORIA DO DESIGN II,TRUE,FALSE,FALSE,FALSE,FALSE,15,17,ART2,25 ART,JOAQUIM DE SALLES REDIG DE CAMPOS,2,,,,,,,,,,,,,,,,,,,3o
Luiza Marcier,DSG1823,1AB,2,HISTÓRIA E TEORIA DO DESIGN II,TRUE,FALSE,FALSE,FALSE,FALSE,15,17,L422,25 ART,SILVIA HELENA SOARES DA COSTA,2,,,,,,,,,,,,,,,,,,,3o
Luiza Marcier,DSG1823,1AC,2,HISTÓRIA E TEORIA DO DESIGN II,TRUE,FALSE,FALSE,FALSE,FALSE,17,19,L422,25 ART,SILVIA HELENA SOARES DA COSTA,2,,,,,,,,,,,,,,,,,,,3o
Luiza Marcier,DSG1823,1AD,2,HISTÓRIA E TEORIA DO DESIGN II,TRUE,FALSE,FALSE,FALSE,FALSE,17,19,L532,25 ART,CRISTINE NOGUEIRA NUNES,2,,,,,,,,,,,,,,,,,,,3o
Luiza Marcier,DSG1824,1AA,2,TEORIA DO OBJETO,FALSE,TRUE,FALSE,FALSE,FALSE,7,9,ART4,22 ART,JOAO VICTOR AZEVEDO DE MENEZES CORREIA DE MELO,2,,,,,,,,,,,,,,,,,,,5o
Luiza Marcier,DSG1824,1AB,2,TEORIA DO OBJETO,FALSE,FALSE,FALSE,TRUE,FALSE,7,9,ART5,22 ART,JOAO VICTOR AZEVEDO DE MENEZES CORREIA DE MELO,2,,,,,,,,,,,,,,,,,,,5o
Luiza Marcier,DSG1824,1AC,2,TEORIA DO OBJETO,FALSE,TRUE,FALSE,FALSE,FALSE,7,9,L260,22 ART,IRINA ARAGAO DOS SANTOS,2,,,,,,,,,,,,,,,,,,,5o
Luiza Marcier,DSG1824,1AD,2,TEORIA DO OBJETO,FALSE,FALSE,FALSE,TRUE,FALSE,11,13,ART2,22 ART,IRINA ARAGAO DOS SANTOS,2,,,,,,,,,,,,,,,,,,,5o
Luiza Marcier,DSG1825,1AA,2,HISTÓRIA DA ARTE,FALSE,FALSE,FALSE,TRUE,FALSE,7,9,L232,22 ART,LUIZA MARIA INTERLENGHI,2,,,,,,,,,,,,,,,,,,,5o
Luiza Marcier,DSG1825,1AB,2,HISTÓRIA DA ARTE,FALSE,TRUE,FALSE,FALSE,FALSE,11,13,L260,22 ART,JORGE LANGONE,2,,,,,,,,,,,,,,,,,,,5o
Luiza Marcier,DSG1825,1AC,2,HISTÓRIA DA ARTE,FALSE,TRUE,FALSE,FALSE,FALSE,7,9,IAG3,22 ART,JORGE LANGONE,2,,,,,,,,,,,,,,,,,,,5o
Luiza Marcier,DSG1825,1AD,2,HISTÓRIA DA ARTE,FALSE,FALSE,FALSE,TRUE,FALSE,11,13,ART1,22 ART,LUIZA MARIA INTERLENGHI,2,,,,,,,,,,,,,,,,,,,5o
Eliane Garcia,DSG1826,1AA,2,QUESTÕES EM ÊNFASE,FALSE,TRUE,FALSE,FALSE,FALSE,9,11,F100,20 ART,CLAUDIA HABIB KAYAT,2,,,,,,,,,,,,,,,,,,,6o
Eliane Garcia,DSG1826,1AB,2,QUESTÕES EM ÊNFASE,FALSE,TRUE,FALSE,FALSE,FALSE,9,11,F100,20 ART,JOY HELENA WORMS TILL,2,,,,,,,,,,,,,,,,,,,6o
Luiza Marcier,DSG1830,1AA,2,ARTE COM. NA CONTEMPORANEIDADE,FALSE,FALSE,FALSE,TRUE,FALSE,13,15,L422,20 ART,LUIZA MARIA INTERLENGHI,2,,,,,,,,,,,,,,,,,,,
Luiza Marcier,DSG1831,1AA,2,"DESIGN, CULTURA E CONSUMO",FALSE,FALSE,TRUE,FALSE,FALSE,7,9,ART3,10 ART/10 QQC,IRINA ARAGAO DOS SANTOS,2,,,,,,,,,,,,,,,,,,,
Luiza Marcier,DSG1832,1AA,2,HISTÓRIA DA INDUMENTÁRIA,FALSE,TRUE,FALSE,FALSE,FALSE,11,13,ART2,12 ART/10 QQC,SILVIA HELENA SOARES DA COSTA,2,,,,,,,,,,,,,,,,,,,Optativas de Historia da Arte e do Design
Izabel Oliveira,DSG1841,1AA,4,LINGUAGEM E COMUNICAÇÃO NO DESIGN,TRUE,FALSE,TRUE,FALSE,FALSE,15,17,ART3,18 CAL/2QQC,EVELYN GRUMACH,4,,,,,,,,,,,,,,,,,,,1o 
Izabel Oliveira,DSG1841,1AB,4,LINGUAGEM E COMUNICAÇÃO NO DESIGN,TRUE,FALSE,TRUE,FALSE,FALSE,13,15,L328,18 CAL/2QQC,SUZANA VALLADARES FONSECA,4,,,,,,,,,,,,,,,,,,,1o 
Izabel Oliveira,DSG1841,1AC,4,LINGUAGEM E COMUNICAÇÃO NO DESIGN,TRUE,FALSE,TRUE,FALSE,FALSE,13,15,L120,18 CAL/2QQC,JULIETA COSTA SOBRAL,4,,,,,,,,,,,,,,,,,,,1o 
Izabel Oliveira,DSG1841,1AD,4,LINGUAGEM E COMUNICAÇÃO NO DESIGN,TRUE,FALSE,TRUE,FALSE,FALSE,13,15,L422,18 CAL/2QQC,ROMULO MIYAZAWA MATTEONI,4,,,,,,,,,,,,,,,,,,,1o 
Izabel Oliveira,DSG1841,1AE,4,LINGUAGEM E COMUNICAÇÃO NO DESIGN,TRUE,FALSE,FALSE,FALSE,FALSE,15,17,ART5,18 CAL/2QQC,HORISTA A CONTRATAR,4,,,,,,,,,,,,,,,,,,,1o 
Izabel Oliveira,DSG1841,1AE,4,LINGUAGEM E COMUNICAÇÃO NO DESIGN,FALSE,FALSE,TRUE,FALSE,FALSE,15,17,ART2,,HORISTA A CONTRATAR,,,,,,,,,,,,,,,,,,,,1o 
Izabel Oliveira,DSG1841,1AF,4,LINGUAGEM E COMUNICAÇÃO NO DESIGN,TRUE,FALSE,FALSE,FALSE,FALSE,15,17,L658,18 CAL/2QQC,SUZANA VALLADARES FONSECA,4,,,,,,,,,,,,,,,,,,,1o 
Izabel Oliveira,DSG1841,1AF,4,LINGUAGEM E COMUNICAÇÃO NO DESIGN,FALSE,FALSE,TRUE,FALSE,FALSE,15,17,L532,,SUZANA VALLADARES FONSECA,,,,,,,,,,,,,,,,,,,,1o 
Izabel Oliveira,DSG1841,1AG,4,LINGUAGEM E COMUNICAÇÃO NO DESIGN,TRUE,FALSE,TRUE,FALSE,FALSE,13,15,SALA,18 CAL/2QQC,EVELYN GRUMACH,4,,,,,,,,,,,,,,,,,,,1o 
João Bonelli,DSG1842,1AA,4,IMAGEM FOTOGRÁFICA E IMAGEM AUDIOVISUAL,TRUE,FALSE,TRUE,FALSE,FALSE,11,13,F100,18 CAL,ALEXANDRE CANTINI REZENDE,2,FLAVIO MARQUES DE CARVALHO JUNIOR,2,,,,,,,,,,,,,,,,,1o 
João Bonelli,DSG1842,1AB,4,IMAGEM FOTOGRÁFICA E IMAGEM AUDIOVISUAL,TRUE,FALSE,TRUE,FALSE,FALSE,11,13,K15,18 CAL,ELIANE GARCIA PEREIRA,2,LUIZ EDUARDO DUTRA COELHO DA ROCHA,2,,,,,,,,,,,,,,,,,1o 
João Bonelli,DSG1842,1AC,4,IMAGEM FOTOGRÁFICA E IMAGEM AUDIOVISUAL,FALSE,TRUE,FALSE,TRUE,FALSE,11,13,F100,18 CAL,JOSE ROBERTO SANSEVERINO,2,GUILHERME DE ALMEIDA XAVIER,2,,,,,,,,,,,,,,,,,1o 
João Bonelli,DSG1842,1AD,4,IMAGEM FOTOGRÁFICA E IMAGEM AUDIOVISUAL,FALSE,TRUE,FALSE,TRUE,FALSE,11,13,K15,18 CAL,HORISTA A CONTRATAR,2,HORISTA A CONTRATAR,2,,,,,,,,,,,,,,,,,1o 
João Bonelli,DSG1842,1AE,4,IMAGEM FOTOGRÁFICA E IMAGEM AUDIOVISUAL,TRUE,FALSE,TRUE,FALSE,FALSE,13,15,F100,18 CAL,LUIZ EDUARDO DUTRA COELHO DA ROCHA,2,FLAVIO MARQUES DE CARVALHO JUNIOR,2,,,,,,,,,,,,,,,,,1o 
João Bonelli,DSG1842,1AF,4,IMAGEM FOTOGRÁFICA E IMAGEM AUDIOVISUAL,TRUE,FALSE,TRUE,FALSE,FALSE,13,15,K15,18 CAL,JOSE ROBERTO SANSEVERINO,2,HORISTA A CONTRATAR,2,,,,,,,,,,,,,,,,,1o 
João Bonelli,DSG1842,1AG,4,IMAGEM FOTOGRÁFICA E IMAGEM AUDIOVISUAL,TRUE,FALSE,TRUE,FALSE,FALSE,15,17,F100,18 CAL,FLAVIO MARQUES DE CARVALHO JUNIOR,2,ALEXANDRE CANTINI REZENDE,2,,,,,,,,,,,,,,,,,1o 
João Bonelli,DSG1842,1AH,4,IMAGEM FOTOGRÁFICA E IMAGEM AUDIOVISUAL,TRUE,FALSE,TRUE,FALSE,FALSE,15,17,K15,20 ART,HORISTA A CONTRATAR,2,HORISTA A CONTRATAR,2,,,,,,,,,,,,,,,,,1o 
Izabel Oliveira,DSG1843,1AA,2,LINGUAGEM GRÁFICA ,FALSE,FALSE,FALSE,TRUE,FALSE,11,13,L260,18 CAL/2QQC,ANDRE LUIS FERREIRA BELTRAO,2,,,,,,,,,,,,,,,,,,,1o 
Izabel Oliveira,DSG1843,1AB,2,LINGUAGEM GRÁFICA ,FALSE,FALSE,FALSE,TRUE,FALSE,11,13,L532,18 CAL/2QQC,HORISTA A CONTRATAR,2,,,,,,,,,,,,,,,,,,,1o 
Izabel Oliveira,DSG1843,1AC,2,LINGUAGEM GRÁFICA ,FALSE,FALSE,TRUE,FALSE,FALSE,11,13,L658,18 CAL/2QQC,PRISCILA ANDRADE SILVA,2,,,,,,,,,,,,,,,,,,,1o 
Izabel Oliveira,DSG1843,1AD,2,LINGUAGEM GRÁFICA ,FALSE,FALSE,TRUE,FALSE,FALSE,11,13,L422,18 CAL/2QQC,JOSE AUGUSTO BRANDAO ESTELLITA LINS,2,,,,,,,,,,,,,,,,,,,1o 
Izabel Oliveira,DSG1843,1AE,2,LINGUAGEM GRÁFICA ,FALSE,FALSE,FALSE,TRUE,FALSE,17,19,ART3,18 CAL/2QQC,JOSE AUGUSTO BRANDAO ESTELLITA LINS,2,,,,,,,,,,,,,,,,,,,1o 
Izabel Oliveira,DSG1843,1AF,2,LINGUAGEM GRÁFICA ,FALSE,FALSE,FALSE,TRUE,FALSE,17,19,L232,18 CAL/2QQC,NATHALIA CHEHAB DE SA CAVALCANTE,2,,,,,,,,,,,,,,,,,,,1o 
Izabel Oliveira,DSG1843,1AG,2,LINGUAGEM GRÁFICA ,FALSE,FALSE,FALSE,TRUE,FALSE,17,19,L260,18 CAL/2QQC,ANDRE LUIS FERREIRA BELTRAO,2,,,,,,,,,,,,,,,,,,,1o 
João Bonelli,DSG1844,1AA,2,DESENHO DE OBSERVAÇÃO,FALSE,TRUE,FALSE,FALSE,FALSE,11,13,ART5,18 CAL/2QQC,EDUARDO ROCHA DE OLIVEIRA FILHO,2,,,,,,,,,,,,,,,,,,,1o 
João Bonelli,DSG1844,1AB,2,DESENHO DE OBSERVAÇÃO,FALSE,TRUE,FALSE,FALSE,FALSE,15,17,ART5,18 CAL/2QQC,LUCIANA GRETHER DE MELLO CARVALHO,2,,,,,,,,,,,,,,,,,,,1o 
João Bonelli,DSG1844,1AC,2,DESENHO DE OBSERVAÇÃO,FALSE,TRUE,FALSE,FALSE,FALSE,15,17,ART2,18 CAL/2QQC,LUCIANA BARBOSA DE SOUSA,2,,,,,,,,,,,,,,,,,,,1o 
João Bonelli,DSG1844,1AD,2,DESENHO DE OBSERVAÇÃO,TRUE,FALSE,FALSE,FALSE,FALSE,11,13,ART4,18 CAL/2QQC,NATHALIA CHEHAB DE SA CAVALCANTE,2,,,,,,,,,,,,,,,,,,,1o 
João Bonelli,DSG1844,1AE,2,DESENHO DE OBSERVAÇÃO,FALSE,TRUE,FALSE,FALSE,FALSE,15,17,K17,18 CAL/2QQC,CARLOS ANDRE LAMEIRAO CORTES,2,,,,,,,,,,,,,,,,,,,1o 
João Bonelli,DSG1844,1AF,2,DESENHO DE OBSERVAÇÃO,FALSE,TRUE,FALSE,FALSE,FALSE,15,17,ART1,18 CAL/2QQC,EDUARDO ROCHA DE OLIVEIRA FILHO,2,,,,,,,,,,,,,,,,,,,1o 
João Bonelli,DSG1844,1AG,2,DESENHO DE OBSERVAÇÃO,FALSE,TRUE,FALSE,FALSE,FALSE,17,19,ART5,18 CAL/2QQC,CARLOS ANDRE LAMEIRAO CORTES,2,,,,,,,,,,,,,,,,,,,1o 
Izabel Oliveira,DSG1845,1AA,3,"LINGUAGEM, COMUNICAÇÃO E DISCURSO NO DESIGN I",FALSE,FALSE,FALSE,TRUE,FALSE,15,18,L328,20 ART,ROMULO MIYAZAWA MATTEONI,3,,,,,,,,,,,,,,,,,,,2o
Izabel Oliveira,DSG1845,1AB,3,"LINGUAGEM, COMUNICAÇÃO E DISCURSO NO DESIGN I",FALSE,FALSE,FALSE,TRUE,FALSE,15,18,L120,20 ART,IZABEL MARIA DE OLIVEIRA,3,,,,,,,,,,,,,,,,,,,2o
Izabel Oliveira,DSG1845,1AC,3,"LINGUAGEM, COMUNICAÇÃO E DISCURSO NO DESIGN I",FALSE,FALSE,FALSE,TRUE,FALSE,15,18,L422,20 ART,MARIA JULIA MORAES PINTO NUNES,3,,,,,,,,,,,,,,,,,,,2o
Izabel Oliveira,DSG1845,1AD,3,"LINGUAGEM, COMUNICAÇÃO E DISCURSO NO DESIGN I",FALSE,FALSE,FALSE,TRUE,FALSE,15,18,L658,20 ART,MATEU DE ATHAYDE VELASCO,3,,,,,,,,,,,,,,,,,,,2o
Izabel Oliveira,DSG1846,1AA,2,GEOMETRIA NO DESIGN,FALSE,FALSE,TRUE,FALSE,FALSE,15,17,L658,20 ART,CELSO BRAGA WILMER,2,,,,,,,,,,,,,,,,,,,2o
Izabel Oliveira,DSG1846,1AB,2,GEOMETRIA NO DESIGN,FALSE,FALSE,TRUE,FALSE,FALSE,17,19,L422,20 ART,ALESSANDRA CARUSI MACHADO,2,,,,,,,,,,,,,,,,,,,2o
Izabel Oliveira,DSG1846,1AC,2,GEOMETRIA NO DESIGN,FALSE,FALSE,TRUE,FALSE,FALSE,15,17,L422,20 ART,ALESSANDRA CARUSI MACHADO,2,,,,,,,,,,,,,,,,,,,2o
Izabel Oliveira,DSG1846,1AD,2,GEOMETRIA NO DESIGN,FALSE,FALSE,TRUE,FALSE,FALSE,11,13,ART5,21 ART,ALESSANDRA CARUSI MACHADO,2,,,,,,,,,,,,,,,,,,,2o
João Bonelli,DSG1847,1AA,4,DESENHO DE CONCEPÇÃO,TRUE,FALSE,TRUE,FALSE,FALSE,13,15,ART1,20 ART,MATEU DE ATHAYDE VELASCO,4,,,,,,,,,,,,,,,,,,,2o
João Bonelli,DSG1847,1AB,4,DESENHO DE CONCEPÇÃO,TRUE,FALSE,TRUE,FALSE,FALSE,13,15,ART3,20 ART,NATHALIA CHEHAB DE SA CAVALCANTE,4,,,,,,,,,,,,,,,,,,,2o
João Bonelli,DSG1847,1AC,4,DESENHO DE CONCEPÇÃO,TRUE,FALSE,TRUE,FALSE,FALSE,13,15,L532,20 ART,JOSE AUGUSTO BRANDAO ESTELLITA LINS,4,,,,,,,,,,,,,,,,,,,2o
João Bonelli,DSG1847,1AD,4,DESENHO DE CONCEPÇÃO,TRUE,FALSE,TRUE,FALSE,FALSE,13,15,L658,20 ART,MARCOS AMARANTE DE ALMEIDA MAGALHAES,4,,,,,,,,,,,,,,,,,,,2o
Izabel Oliveira,DSG1848,1AA,3,PLÁSTICA,TRUE,FALSE,FALSE,FALSE,FALSE,15,18,L232,19 ART,GABRIELA DE GUSMAO PEREIRA,3,,,,,,,,,,,,,,,,,,,2o
Izabel Oliveira,DSG1848,1AB,3,PLÁSTICA,TRUE,FALSE,FALSE,FALSE,FALSE,15,18,L260,19 ART,CARLOS ANDRE LAMEIRAO CORTES,3,,,,,,,,,,,,,,,,,,,2o
Izabel Oliveira,DSG1848,1AC,3,PLÁSTICA,TRUE,FALSE,FALSE,FALSE,FALSE,15,18,ART1,19 ART,MATEU DE ATHAYDE VELASCO,3,,,,,,,,,,,,,,,,,,,2o
Izabel Oliveira,DSG1848,1AD,3,PLÁSTICA,FALSE,FALSE,FALSE,FALSE,TRUE,9,12,K17,19 ART,GABRIELA DE GUSMAO PEREIRA,3,,,,,,,,,,,,,,,,,,,2o
Izabel Oliveira,DSG1848,1AE,3,PLÁSTICA,TRUE,FALSE,FALSE,FALSE,FALSE,13,16,K17,19 ART,JORGE LANGONE,3,,,,,,,,,,,,,,,,,,,2o
Izabel Oliveira,DSG1848,1AF,3,PLÁSTICA,FALSE,FALSE,FALSE,FALSE,TRUE,13,16,L260,19 ART,MARCOS AMARANTE DE ALMEIDA MAGALHAES,3,,,,,,,,,,,,,,,,,,,2o
Izabel Oliveira,DSG1849,1AA,4,O CORPO HUMANO COMO QUESTÃO EM DESIGN,FALSE,TRUE,FALSE,FALSE,TRUE,15,17,L532,20 ART,DENISE BERRUEZO PORTINARI,2,PALESTRA,2,,,,,,,,,,,,,,,,,3o
Izabel Oliveira,DSG1849,1AB,4,O CORPO HUMANO COMO QUESTÃO EM DESIGN,FALSE,TRUE,FALSE,FALSE,TRUE,15,17,ART3,20 ART,NATHALIA CHEHAB DE SA CAVALCANTE,2,PALESTRA,2,,,,,,,,,,,,,,,,,3o
Izabel Oliveira,DSG1849,1AC,4,O CORPO HUMANO COMO QUESTÃO EM DESIGN,FALSE,TRUE,FALSE,FALSE,TRUE,15,17,L658,20 ART,LUIZA FERRO COSTA MARCIER,2,PALESTRA,2,,,,,,,,,,,,,,,,,3o
Izabel Oliveira,DSG1849,1AD,4,O CORPO HUMANO COMO QUESTÃO EM DESIGN,FALSE,TRUE,FALSE,FALSE,TRUE,15,17,ART4,20 ART,HORISTA A CONTRATAR,2,PALESTRA,2,,,,,,,,,,,,,,,,,
Izabel Oliveira,DSG1850,1AA,2,"LINGUAGEM, COMUNICAÇÃO E DISCURSO NO DESIGN II",FALSE,FALSE,FALSE,FALSE,TRUE,11,13,ART3,25 ART,VERA LUCIA MOREIRA DOS SANTOS NOJIMA,2,,,,,,,,,,,,,,,,,,,3o
Izabel Oliveira,DSG1850,1AB,2,"LINGUAGEM, COMUNICAÇÃO E DISCURSO NO DESIGN II",FALSE,FALSE,FALSE,FALSE,TRUE,13,15,ART3,25 ART,MARIA JULIA MORAES PINTO NUNES,2,,,,,,,,,,,,,,,,,,,3o
Izabel Oliveira,DSG1850,1AC,2,"LINGUAGEM, COMUNICAÇÃO E DISCURSO NO DESIGN II",FALSE,FALSE,FALSE,FALSE,TRUE,17,19,ART2,25 ART,SIMONE CARVALHO DE FORMIGA XAVIER,2,,,,,,,,,,,,,,,,,,,3o
Izabel Oliveira,DSG1850,1AD,2,"LINGUAGEM, COMUNICAÇÃO E DISCURSO NO DESIGN II",FALSE,FALSE,FALSE,FALSE,TRUE,13,15,L328,25 ART,PRISCILA ANDRADE SILVA,2,,,,,,,,,,,,,,,,,,,3o
Izabel Oliveira,DSG1851,1AA,2,GEOMETRIA DESCRITIVA,FALSE,FALSE,FALSE,FALSE,TRUE,13,15,ART1,20 ART,ALESSANDRA CARUSI MACHADO,2,,,,,,,,,,,,,,,,,,,3o
Izabel Oliveira,DSG1851,1AB,2,GEOMETRIA DESCRITIVA,FALSE,FALSE,FALSE,FALSE,TRUE,13,15,ART2,20 ART,LEONIDAS AUGUSTO CORREIA DE MORAES,2,,,,,,,,,,,,,,,,,,,3o
Izabel Oliveira,DSG1851,1AC,2,GEOMETRIA DESCRITIVA,FALSE,TRUE,FALSE,FALSE,FALSE,17,19,ART1,20 ART,LEONIDAS AUGUSTO CORREIA DE MORAES,2,,,,,,,,,,,,,,,,,,,
Izabel Oliveira,DSG1851,1AD,2,GEOMETRIA DESCRITIVA,FALSE,FALSE,FALSE,TRUE,FALSE,17,19,ART1,20 ART,ALESSANDRA CARUSI MACHADO,2,,,,,,,,,,,,,,,,,,,
Izabel Oliveira,DSG1851,1AE,2,GEOMETRIA DESCRITIVA,FALSE,FALSE,FALSE,TRUE,FALSE,17,19,F100,20 ART,CELSO BRAGA WILMER,2,,,,,,,,,,,,,,,,,,,
Izabel Oliveira,DSG1852,1AA,2,FUNDAMENTOS EM ERGODESIGN,FALSE,TRUE,FALSE,FALSE,FALSE,11,13,ART4,20 ART,ISABELA CANELLAS DA MOTTA,2,,,,,,,,,,,,,,,,,,,4o
Izabel Oliveira,DSG1852,1AB,2,FUNDAMENTOS EM ERGODESIGN,FALSE,FALSE,FALSE,TRUE,FALSE,11,13,L232,20 ART,CLAUDIA STAMATO,2,,,,,,,,,,,,,,,,,,,4o
Izabel Oliveira,DSG1853,1AA,2,DESENHO TÉCNICO,FALSE,TRUE,FALSE,FALSE,FALSE,11,13,L658,13 ART,CELSO BRAGA WILMER,2,,,,,,,,,,,,,,,,,,,4o
Izabel Oliveira,DSG1853,1AB,2,DESENHO TÉCNICO,FALSE,TRUE,FALSE,FALSE,FALSE,11,13,L260,13 ART,LEONIDAS AUGUSTO CORREIA DE MORAES,2,,,,,,,,,,,,,,,,,,,4o
Izabel Oliveira,DSG1853,1AC,2,DESENHO TÉCNICO,FALSE,FALSE,FALSE,TRUE,FALSE,11,13,ART4,13 ART,MARCO ANTONIO MAGALHAES LIMA,2,,,,,,,,,,,,,,,,,,,4o
Izabel Oliveira,DSG1853,1AD,2,DESENHO TÉCNICO,FALSE,FALSE,TRUE,FALSE,FALSE,13,15,ART2,13 ART,ALESSANDRA CARUSI MACHADO,2,,,,,,,,,,,,,,,,,,,4o
Izabel Oliveira,DSG1854,1AA,4,LINGUAGEM E ESTRUTURAS,TRUE,FALSE,TRUE,FALSE,FALSE,7,9,ART1,20 ART,AUGUSTO SEIBEL MACHADO,2,RIAN OLIVEIRA REZENDE,2,,,,,,,,,,,,,,,,,4o
Izabel Oliveira,DSG1854,1AB,4,LINGUAGEM E ESTRUTURAS,TRUE,FALSE,TRUE,FALSE,FALSE,7,9,ART2,20 ART,DANIEL MALAGUTI CAMPOS,2,FABIO PINTO LOPES DE LIMA,2,,,,,,,,,,,,,,,,,4o
Izabel Oliveira,DSG1855,1AA,3,"LINGUAGEM, COMUNICAÇÃO E DISCURSO NO DESIGN III",FALSE,FALSE,FALSE,FALSE,TRUE,9,12,L658,22 ART,RIAN OLIVEIRA REZENDE,3,,,,,,,,,,,,,,,,,,,5o
Izabel Oliveira,DSG1855,1AB,3,"LINGUAGEM, COMUNICAÇÃO E DISCURSO NO DESIGN III",FALSE,FALSE,FALSE,FALSE,TRUE,9,12,L422,22 ART,MARIA CLAUDIA BOLSHAW GOMES,3,,,,,,,,,,,,,,,,,,,5o
Izabel Oliveira,DSG1855,1AC,3,"LINGUAGEM, COMUNICAÇÃO E DISCURSO NO DESIGN III",FALSE,FALSE,FALSE,FALSE,TRUE,9,12,ART1,22 ART,MIGUEL SANTOS DE CARVALHO,3,,,,,,,,,,,,,,,,,,,5o
Izabel Oliveira,DSG1855,1AD,3,"LINGUAGEM, COMUNICAÇÃO E DISCURSO NO DESIGN III",FALSE,FALSE,FALSE,FALSE,TRUE,9,12,IAG3,22 ART,MARCOS AMARANTE DE ALMEIDA MAGALHAES,3,,,,,,,,,,,,,,,,,,,5o
Izabel Oliveira,DSG1856,1AA,2,BIONICA,FALSE,FALSE,FALSE,FALSE,TRUE,7,9,ART5,22 ART,JOAO VICTOR AZEVEDO DE MENEZES CORREIA DE MELO,2,,,,,,,,,,,,,,,,,,,5o
Izabel Oliveira,DSG1856,1AB,2,BIONICA,FALSE,FALSE,FALSE,FALSE,TRUE,7,9,ART4,22 ART,LUIS VICENTE BARROS CARDOSO DE MELO,2,,,,,,,,,,,,,,,,,,,
Izabel Oliveira,DSG1856,1AC,2,BIONICA,FALSE,FALSE,FALSE,FALSE,TRUE,7,9,ART3,22 ART,EVELYN GRUMACH,2,,,,,,,,,,,,,,,,,,,
Izabel Oliveira,DSG1856,1AD,2,BIONICA,FALSE,FALSE,FALSE,FALSE,TRUE,7,9,IAG3,22 ART,HORISTA A CONTRATAR,2,,,,,,,,,,,,,,,,,,,
Izabel Oliveira,DSG1857,1AA,2,ERGODESIGN,FALSE,TRUE,FALSE,FALSE,FALSE,7,9,L120,17 ART,ISABELA CANELLAS DA MOTTA,2,,,,,,,,,,,,,,,,,,,6o
Izabel Oliveira,DSG1857,1AB,2,ERGODESIGN,FALSE,TRUE,FALSE,FALSE,FALSE,9,11,IAG3,17 ART,CLAUDIA MARIA MONTEIRO VIANNA,2,,,,,,,,,,,,,,,,,,,6o
Izabel Oliveira,DSG1857,1AC,2,ERGODESIGN,FALSE,TRUE,FALSE,FALSE,FALSE,11,13,L120,17 ART,CLAUDIA STAMATO,2,,,,,,,,,,,,,,,,,,,6o
João Bonelli,DSG1861,1AA,2,PRÁTICAS EXPERIMENTAIS I,FALSE,FALSE,FALSE,TRUE,FALSE,15,17,ART5,18 ART,GABRIELLA FERREIRA CHAVES VACCARI,2,,,,,,,,,,,,,,,,,,,3o
João Bonelli,DSG1861,1AB,2,PRÁTICAS EXPERIMENTAIS I,FALSE,FALSE,FALSE,TRUE,FALSE,15,17,ART5,18 ART,GUILHERME DE ALMEIDA XAVIER,2,,,,,,,,,,,,,,,,,,,3o
João Bonelli,DSG1861,1AC,2,PRÁTICAS EXPERIMENTAIS I,FALSE,FALSE,FALSE,TRUE,FALSE,15,17,ART2,18 ART,GILBERTO MENDES CORREIA JUNIOR,2,,,,,,,,,,,,,,,,,,,3o
João Bonelli,DSG1861,1AD,2,PRÁTICAS EXPERIMENTAIS I,FALSE,FALSE,FALSE,TRUE,FALSE,15,17,ART2,18 ART,ANDRE LUIS FERREIRA BELTRAO,2,,,,,,,,,,,,,,,,,,,3o
João Bonelli,DSG1861,1AE,2,PRÁTICAS EXPERIMENTAIS I,FALSE,FALSE,FALSE,TRUE,FALSE,17,19,ART5,18 ART,AUGUSTO SEIBEL MACHADO,2,,,,,,,,,,,,,,,,,,,3o
João Bonelli,DSG1861,1AF,2,PRÁTICAS EXPERIMENTAIS I,FALSE,FALSE,FALSE,TRUE,FALSE,17,19,ART5,18 ART,CLAUDIA MARIA MONTEIRO VIANNA,2,,,,,,,,,,,,,,,,,,,3o
João Bonelli,DSG1862,1AA,2,PRÁTICAS EXPERIMENTAIS II,FALSE,FALSE,TRUE,FALSE,FALSE,9,11,K15,20 ART,JOY HELENA WORMS TILL,2,,,,,,,,,,,,,,,,,,,4o
João Bonelli,DSG1862,1AB,2,PRÁTICAS EXPERIMENTAIS II,FALSE,FALSE,TRUE,FALSE,FALSE,9,11,F100,20 ART,GUILHERME DE ALMEIDA XAVIER,2,,,,,,,,,,,,,,,,,,,4o
João Bonelli,DSG1862,1AC,2,PRÁTICAS EXPERIMENTAIS II,FALSE,FALSE,TRUE,FALSE,FALSE,9,11,LABMAC,20 ART,FLAVIO MARQUES DE CARVALHO JUNIOR,2,,,,,,,,,,,,,,,,,,,4o
João Bonelli,DSG1863,1AA,4,PRÁTICAS EXPERIMENTAIS III,TRUE,FALSE,TRUE,FALSE,FALSE,7,9,K15,20 ART,JOAO DE SA BONELLI,4,,,,,,,,,,,,,,,,,,,5o
João Bonelli,DSG1863,1AB,4,PRÁTICAS EXPERIMENTAIS III,TRUE,FALSE,TRUE,FALSE,FALSE,7,9,LIFE,20 ART,HORISTA A CONTRATAR,4,,,,,,,,,,,,,,,,,,,5o
João Bonelli,DSG1863,1AC,4,PRÁTICAS EXPERIMENTAIS III,FALSE,TRUE,FALSE,TRUE,FALSE,9,11,K15,20 ART,LUIZA FERRO COSTA MARCIER,4,,,,,,,,,,,,,,,,,,,5o
João Bonelli,DSG1863,1AD,4,PRÁTICAS EXPERIMENTAIS III,FALSE,TRUE,FALSE,TRUE,FALSE,9,11,LIFE,20 ART,LUIZ TORRES LUDWIG,4,,,,,,,,,,,,,,,,,,,5o
João Bonelli,DSG1864,1AA,4,PRÁTICAS EXPERIMENTAIS IV,FALSE,TRUE,FALSE,TRUE,FALSE,13,15,K08,25  ART,MARIO AUGUSTO PINTO DE SOUZA SEIXAS,4,,,,,,,,,,,,,,,,,,,Optativas de Praticas Experimentais
João Bonelli,DSG1864,1AB,4,PRÁTICAS EXPERIMENTAIS IV,FALSE,TRUE,FALSE,TRUE,FALSE,17,19,K08,25  ART,MARIO AUGUSTO PINTO DE SOUZA SEIXAS,4,,,,,,,,,,,,,,,,,,,Optativas de Praticas Experimentais
João Bonelli,DSG1865,1AA,4,PRÁTICAS EXPERIMENTAIS V,FALSE,TRUE,FALSE,TRUE,FALSE,13,15,LABMET,25  ART,LUCIANA BARBOSA DE SOUSA,4,,,,,,,,,,,,,,,,,,,Optativas de Praticas Experimentais
João Bonelli,DSG1866,1AA,2,PRÁTICAS EXPERIMENTAIS VI,FALSE,FALSE,FALSE,TRUE,FALSE,7,9,F100,20 ART,LEONARDO CARDARELLI LEITE,2,,,,,,,,,,,,,,,,,,,Optativas de Praticas Experimentais
João Bonelli,DSG1866,1AB,2,PRÁTICAS EXPERIMENTAIS VI,FALSE,FALSE,FALSE,FALSE,TRUE,11,13,K15,20 ART,HELENA CAVALCANTI DE ALBUQUERQUE,2,,,,,,,,,,,,,,,,,,,Optativas de Praticas Experimentais
João Bonelli,DSG1867,1AA,2,PRÁTICAS EXPERIMENTAIS VII,FALSE,FALSE,TRUE,FALSE,FALSE,13,15,LABMET,20 ART,MARIA ELOISA DE JESUS CONCEIÇÃO,2,,,,,,,,,,,,,,,,,,,Optativas de Praticas Experimentais
Eliane Garcia,DSG1900,1AA,4,PROJETO INTERDISCIPLINAR DE ÊNFASE,TRUE,FALSE,FALSE,FALSE,FALSE,7,11,L422,18 ART,LUIS VICENTE BARROS CARDOSO DE MELO,4,,,,,,,,,,,,,,,,,,,OPTATIVA DE OFICINA DE ENFASE
Eliane Garcia,DSG1900,1AB,4,PROJETO INTERDISCIPLINAR DE ÊNFASE,TRUE,FALSE,FALSE,FALSE,FALSE,7,11,L422,20 ART,PRISCILA ANDRADE SILVA,4,,,,,,,,,,,,,,,,,,,OPTATIVA DE OFICINA DE ENFASE
Eliane Garcia,DSG1900,1AC,4,PROJETO INTERDISCIPLINAR DE ÊNFASE,TRUE,FALSE,FALSE,FALSE,FALSE,7,11,L658,18 ART,NATHALIA CHEHAB DE SA CAVALCANTE,4,,,,,,,,,,,,,,,,,,,OPTATIVA DE OFICINA DE ENFASE
Eliane Garcia,DSG1900,1AD,4,PROJETO INTERDISCIPLINAR DE ÊNFASE,TRUE,FALSE,FALSE,FALSE,FALSE,7,11,L658,20 ART,FLAVIO MARQUES DE CARVALHO JUNIOR,4,,,,,,,,,,,,,,,,,,,OPTATIVA DE OFICINA DE ENFASE
Eliane Garcia,DSG1901,1AA,2,ESTÁGIO,TRUE,FALSE,FALSE,FALSE,FALSE,11,13,L658,25 ART,LEONARDO CARDARELLI LEITE,2,,,,,,,,,,,,,,,,,,,7o
Eliane Garcia,DSG1901,1AB,2,ESTÁGIO,TRUE,FALSE,FALSE,FALSE,FALSE,11,13,ART5,25 ART,MONICA SABOIA SADDI,2,,,,,,,,,,,,,,,,,,,7o
Eliane Garcia,DSG1901,1AC,2,ESTÁGIO,TRUE,FALSE,FALSE,FALSE,FALSE,11,13,L422,25 ART,GABRIELLA FERREIRA CHAVES VACCARI,2,,,,,,,,,,,,,,,,,,,7o
Eliane Garcia,DSG1901,1AD,2,ESTÁGIO,FALSE,FALSE,TRUE,FALSE,FALSE,11,13,IAG3,25 ART,MONICA SABOIA SADDI,2,,,,,,,,,,,,,,,,,,,7o
Eliane Garcia,DSG1901,1AE,2,ESTÁGIO,FALSE,FALSE,FALSE,FALSE,TRUE,9,11,ART3,25 ART,GILBERTO MENDES CORREIA JUNIOR,2,,,,,,,,,,,,,,,,,,,7o
Eliane Garcia,DSG1902,1AA,2,DOCUMENTAÇÃO DE PROJETO PARA TCC EM DESIGN,FALSE,FALSE,TRUE,FALSE,FALSE,7,9,VIRTUAL,18 ART,IZABEL MARIA DE OLIVEIRA,2,,,,,,,,,,,,,,,,,,,7o
Eliane Garcia,DSG1902,1AB,2,DOCUMENTAÇÃO DE PROJETO PARA TCC EM DESIGN,FALSE,FALSE,TRUE,FALSE,FALSE,7,9,VIRTUAL,18 ART,MARIA JULIA MORAES PINTO NUNES,2,,,,,,,,,,,,,,,,,,,7o
Eliane Garcia,DSG1902,1AC,2,DOCUMENTAÇÃO DE PROJETO PARA TCC EM DESIGN,FALSE,FALSE,TRUE,FALSE,FALSE,7,9,VIRTUAL,18 ART,VERA LUCIA MOREIRA DOS SANTOS NOJIMA,2,,,,,,,,,,,,,,,,,,,7o
Eliane Garcia,DSG1902,1AD,2,DOCUMENTAÇÃO DE PROJETO PARA TCC EM DESIGN,FALSE,FALSE,TRUE,FALSE,FALSE,7,9,VIRTUAL,18 ART,SILVIA HELENA SOARES DA COSTA,2,,,,,,,,,,,,,,,,,,,7o
Eliane Garcia,DSG1902,1AE,2,DOCUMENTAÇÃO DE PROJETO PARA TCC EM DESIGN,FALSE,FALSE,TRUE,FALSE,FALSE,7,9,VIRTUAL,18 ART,MARIA DAS GRACAS DE ALMEIDA CHAGAS,2,,,,,,,,,,,,,,,,,,,7o
Izabel Oliveira,DSG1910,1AA,3,ANTEPROJETO FINAL COMUN/ARTE,FALSE,FALSE,TRUE,FALSE,FALSE,9,12,VIRTUAL,12 ECA ,RITA MARIA DE SOUZA COUTO,2,JORGE LANGONE,1,,,,,,,,,,,,,,,,,7o
Izabel Oliveira,DSG1910,1AB,3,ANTEPROJETO FINAL COMUN/ARTE,FALSE,FALSE,TRUE,FALSE,FALSE,9,12,VIRTUAL,12 ECA ,ROBERTA PORTAS GONCALVES RODRIGUES,2,JORGE LANGONE,1,,,,,,,,,,,,,,,,,7o
Izabel Oliveira,DSG1910,1AC,3,ANTEPROJETO FINAL COMUN/ARTE,FALSE,FALSE,TRUE,FALSE,FALSE,9,12,VIRTUAL,12 ECA ,CARLOS EDUARDO FELIX DA COSTA,2,JORGE LANGONE,1,,,,,,,,,,,,,,,,,7o
Izabel Oliveira,DSG1911,1AA,3,ANTEPROJETO FINAL CORPO E MODA,FALSE,FALSE,TRUE,FALSE,FALSE,9,12,VIRTUAL,12 ECM,NILTON GONCALVES GAMBA JUNIOR,2,LUIZA FERRO COSTA MARCIER,1,,,,,,,,,,,,,,,,,7o
Felipe Rangel,DSG1912,1AA,3,ANTEPROJETO FINAL ESTRA-GESTAO,FALSE,FALSE,TRUE,FALSE,FALSE,9,12,VIRTUAL,12 EEG,MARIA MANUELA RUPP QUARESMA,2,MONICA SABOIA SADDI,1,,,,,,,,,,,,,,,,,7o
João Bonelli,DSG1913,1AA,3,ANTEPROJETO FINAL EXP/DIGITAL,FALSE,FALSE,TRUE,FALSE,FALSE,9,12,VIRTUAL,12 EID,CLAUDIA RENATA MONT ALVAO BASTOS RODRIGUES,2,JOY HELENA WORMS TILL,1,,,,,,,,,,,,,,,,,7o
Claudia Kayat,DSG1914,1AA,3,ANTEPROJETO FINAL PROD INOVACA,FALSE,FALSE,TRUE,FALSE,FALSE,9,12,VIRTUAL,12 EPI,VERA MARIA MARSICANO DAMAZIO,2,FELIPE RANGEL CARNEIRO,1,,,,,,,,,,,,,,,,,7o
Daniel Malaguti,DSG1915,1AA,3,ANTEPROJETO FINAL SUSTENTABILI,FALSE,FALSE,TRUE,FALSE,FALSE,9,12,VIRTUAL,12 ESA,CARLO FRANZATO,2,HORISTA A CONTRATAR,1,,,,,,,,,,,,,,,,,7o
Izabel Oliveira,DSG1920,1AA,8,PROJ FINAL COMUNICACAO E ARTE,TRUE,FALSE,FALSE,FALSE,FALSE,9,13,K17,10 ECA,IZABEL MARIA DE OLIVEIRA,4,LUIZ TORRES LUDWIG,2,JULIETA COSTA SOBRAL,2,,,,,,,,,,,,,,,8o
Izabel Oliveira,DSG1920,1AA,8,PROJ FINAL COMUNICACAO E ARTE,FALSE,FALSE,TRUE,FALSE,FALSE,9,13,ART4,10 ECA,IZABEL MARIA DE OLIVEIRA,,LUIZ TORRES LUDWIG,,JULIETA COSTA SOBRAL,,,,,,,,,,,,,,,,8o
Isabel Moreira,DSG1921,1AA,8,PROJETO FINAL CORPO E MODA,FALSE,FALSE,FALSE,FALSE,FALSE,__,__,SALA,0,,,,,,,,,,,,,,,,,,,,,8o
Felipe Rangel,DSG1922,1AA,8,PROJ FINAL ESTRATEGIA E GESTAO,FALSE,FALSE,FALSE,FALSE,FALSE,__,__,SALA,0,,,,,,,,,,,,,,,,,,,,,8o
João Bonelli,DSG1923,1AA,8,PROJ FINAL EXPERIENCIA DIGITA,TRUE,FALSE,TRUE,FALSE,FALSE,9,13,LIFE,3 EID,JOAO DE SA BONELLI,4,MARIA DAS GRACAS DE ALMEIDA CHAGAS,2,MARCELO FERNANDES PEREIRA,2,,,,,,,,,,,,,,,8o
Claudia Kayat,DSG1924,1AA,8,PROJ FINAL PRODUTO INOVACAO,TRUE,FALSE,TRUE,FALSE,FALSE,9,13,K08,2 EPI,CLAUDIA HABIB KAYAT,5,GABRIELLA FERREIRA CHAVES VACCARI,1,AUGUSTO SEIBEL MACHADO,1,FELIPE RANGEL CARNEIRO,1,,,,,,,,,,,,,8o
Daniel Malaguti,DSG1925,1AA,8,PROJ FINAL SUSTENT AMBIENTAL,FALSE,FALSE,FALSE,FALSE,FALSE,__,__,SALA,0,,,,,,,,,,,,,,,,,,,,,8o
Daniel Malaguti,DSG1930,1AA,4,MATERIAIS E PROCESSO CIRCULAR,FALSE,FALSE,FALSE,FALSE,TRUE,13,17,ART5,15 ART/5QQC,DANIEL MALAGUTI CAMPOS,4,,,,,,,,,,,,,,,,,,,OPTATIVA GERAL DE ENFASE
Felipe Rangel,DSG1931,1AA,4,EMPREENDEDORISMO EM DESIGN,FALSE,FALSE,FALSE,TRUE,FALSE,13,17,ART1,20 ART,GUILHERME AZEVEDO TOLEDO,4,,,,,,,,,,,,,,,,,,,OPTATIVA GERAL DE ENFASE
Izabel Oliveira,DSG1932,1AA,4,PROSPECCAO-ESCASSEZ-INCERTEZA,FALSE,TRUE,FALSE,TRUE,FALSE,7,9,K17,10 ART/10 QQC,CARLOS EDUARDO FELIX DA COSTA,4,,,,,,,,,,,,,,,,,,,OPTATIVA GERAL DE ENFASE
Daniel Malaguti,DSG1933,1AA,2,DESIGN PERSPECTIVA DECOLONIAL,FALSE,FALSE,FALSE,FALSE,FALSE,__,__,SALA,,,,,,,,,,,,,,,,,,,,,,OPTATIVA GERAL DE ENFASE
Claudia Kayat,DSG1934,1AA,2,DSG E IDENTIDADE SOCIOCULTURAL,FALSE,FALSE,FALSE,FALSE,FALSE,__,__,SALA,,,,,,,,,,,,,,,,,,,,,,OPTATIVA GERAL DE ENFASE
Daniel Malaguti,DSG1935,1AA,4,SUSTEN:HUMANA-SOCIAL-AMBIENTAL,FALSE,FALSE,FALSE,FALSE,FALSE,__,__,SALA,,,,,,,,,,,,,,,,,,,,,,OPTATIVA GERAL DE ENFASE
Daniel Malaguti,DSG1936,1AA,4,DIVERSIDADE-DESIGN INCLUSIVO,FALSE,FALSE,FALSE,FALSE,FALSE,__,__,SALA,,,,,,,,,,,,,,,,,,,,,,OPTATIVA GERAL DE ENFASE
Daniel Malaguti,DSG1937,1AA,2,ECODESIGN,FALSE,FALSE,FALSE,TRUE,FALSE,13,15,ART2,10 ART/10 QQC,AUGUSTO SEIBEL MACHADO,2,,,,,,,,,,,,,,,,,,,OPTATIVA GERAL DE ENFASE
Daniel Malaguti,DSG1938,1AA,2,TECNOLOGIA ASSISTIVA,FALSE,FALSE,FALSE,FALSE,FALSE,__,__,SALA,,,,,,,,,,,,,,,,,,,,,,OPTATIVA GERAL DE ENFASE
Daniel Malaguti,DSG1939,1AA,2,CONCEPCAO PROJETO SUSTENTAVEL,FALSE,FALSE,FALSE,FALSE,FALSE,__,__,SALA,,,,,,,,,,,,,,,,,,,,,,OPTATIVA GERAL DE ENFASE
João Bonelli,DSG1941,1AA,4,INTERFACES-OBJ. INTELIGENTES,FALSE,FALSE,TRUE,FALSE,TRUE,13,15,LIFE,20 ART,JOAO DE SA BONELLI,4,,,,,,,,,,,,,,,,,,,OPTATIVA GERAL DE ENFASE
João Bonelli,DSG1942,1AA,4,ESTUD-ERGONOMICO-AVANC-TESTE,FALSE,FALSE,FALSE,FALSE,TRUE,9,13,K08,10 ART/10QQC,CLAUDIA RENATA MONT ALVAO BASTOS RODRIGUES,4,,,,,,,,,,,,,,,,,,,OPTATIVA GERAL DE ENFASE
Claudia Kayat,DSG1943,1AA,4,LINGUAGEM DA FORMA,FALSE,TRUE,FALSE,FALSE,FALSE,7,11,K08,15 ART,GABRIELLA FERREIRA CHAVES VACCARI,4,,,,,,,,,,,,,,,,,,,OPTATIVA GERAL DE ENFASE
Claudia Kayat,DSG1944,1AA,2,PROCESSOS CRIATIVOS AVANCADOS,FALSE,FALSE,FALSE,FALSE,FALSE,__,__,SALA,,,,,,,,,,,,,,,,,,,,,,OPTATIVA GERAL DE ENFASE
Claudia Kayat,DSG1945,1AA,2,PROCESSOS DE MANUFATURA,FALSE,FALSE,FALSE,FALSE,TRUE,7,9,K17,15 ART/5QQC,GUILHERME LORENZONI DE ALMEIDA,2,,,,,,,,,,,,,,,,,,,OPTATIVA GERAL DE ENFASE
Isabel Moreira,DSG1946,1AA,4,MODA E O CORPO CONTEMPORANEO,FALSE,FALSE,FALSE,FALSE,FALSE,__,__,SALA,,,,,,,,,,,,,,,,,,,,,,OPTATIVA GERAL DE ENFASE
Isabel Moreira,DSG1947,1AA,4,CONSTR TEXTEIS-CORPO CULTURAL,FALSE,FALSE,FALSE,FALSE,FALSE,__,__,SALA,,,,,,,,,,,,,,,,,,,,,,OPTATIVA GERAL DE ENFASE
Isabel Moreira,DSG1948,1AA,2,CARTOGRAFIAS-CORPO NA CIDADE,FALSE,FALSE,FALSE,FALSE,TRUE,11,13,ART2,20 ART,PRISCILA ANDRADE SILVA,2,,,,,,,,,,,,,,,,,,,OPTATIVA GERAL DE ENFASE
Isabel Moreira,DSG1949,1AA,2,OBJETO ROUPA:INTERTEXTUALIDADE,FALSE,FALSE,FALSE,TRUE,FALSE,11,13,LABMET,15 ART/5QQC,MARIA ELOISA DE JESUS CONCEIÇÃO,2,,,,,,,,,,,,,,,,,,,OPTATIVA GERAL DE ENFASE
Isabel Moreira,DSG1950,1AA,4,MODA E IMAGEM: LING NARRATIVA,FALSE,FALSE,FALSE,FALSE,TRUE,7,11,F100,15 ART/5QQC,ISABEL MARTINS MOREIRA,2,HORISTA A CONTRATAR,2,,,,,,,,,,,,,,,,,OPTATIVA GERAL DE ENFASE
Felipe Rangel,DSG1951,1AA,4,DESIGN ESPECULATIVO: CENARIOS,FALSE,FALSE,FALSE,FALSE,TRUE,9,13,ART5,15 ART/5QQC,CARLO FRANZATO,4,,,,,,,,,,,,,,,,,,,OPTATIVA GERAL DE ENFASE
Izabel Oliveira,DSG1952,1AA,4,DESIGN E NARRATIVA,FALSE,FALSE,FALSE,TRUE,FALSE,7,11,L532,10 ART/10QQC,RIAN OLIVEIRA REZENDE,4,,,,,,,,,,,,,,,,,,,OPTATIVA GERAL DE ENFASE
João Bonelli,DSG1953,1AA,2,CONECT INTERATIV ARTES DESIGN,FALSE,FALSE,TRUE,FALSE,FALSE,15,17,LIFE,10ART/8QQC,LUIZ TORRES LUDWIG,2,,,,,,,,,,,,,,,,,,,OPTATIVA GERAL DE ENFASE
Isabel Moreira,DSG1954,1AA,2,CORPO E TECNOLOGIA,FALSE,FALSE,FALSE,FALSE,FALSE,__,__,SALA,,,,,,,,,,,,,,,,,,,,,,OPTATIVA GERAL DE ENFASE
Izabel Oliveira,DSG1955,1AA,4,EXP ESPACIAL PERFORM/SINETE,FALSE,FALSE,FALSE,FALSE,FALSE,__,__,SALA,,,,,,,,,,,,,,,,,,,,,,OPTATIVA GERAL DE ENFASE
João Bonelli,DSG1956,1AA,2,UX/INTERACAO HUMANO-TECNOLOGIA,FALSE,FALSE,FALSE,FALSE,FALSE,__,__,SALA,,,,,,,,,,,,,,,,,,,,,,OPTATIVA GERAL DE ENFASE
João Bonelli,DSG1957,1AA,2,DESIGN E INTELIGEN ARTIFICIAL,FALSE,FALSE,FALSE,TRUE,FALSE,9,11,F100,10 ART/10QQC,MARCELO FERNANDES PEREIRA,2,,,,,,,,,,,,,,,,,,,OPTATIVA GERAL DE ENFASE
Izabel Oliveira,DSG1958,1AA,4,MULTIMOD MULTISSENSORIALIDADE,FALSE,TRUE,FALSE,TRUE,FALSE,9,11,K17,10 ART/10QQC,JULIETA COSTA SOBRAL,4,,,,,,,,,,,,,,,,,,,OPTATIVA GERAL DE ENFASE
Izabel Oliveira,DSG1959,1AA,2,DISF/DESCONST/DESCONTINUIDADE,FALSE,FALSE,FALSE,FALSE,FALSE,__,__,SALA,,,,,,,,,,,,,,,,,,,,,,OPTATIVA GERAL DE ENFASE
Izabel Oliveira,DSG1960,1AA,2,PERSPEC/CRITICA PROD CRIATIVA,FALSE,FALSE,FALSE,FALSE,FALSE,__,__,SALA,,,,,,,,,,,,,,,,,,,,,,OPTATIVA GERAL DE ENFASE
Izabel Oliveira,DSG1961,1AA,2,PROD. CULTURAL/ARTES E DESIGN,FALSE,FALSE,FALSE,FALSE,FALSE,__,__,SALA,,,,,,,,,,,,,,,,,,,,,,OPTATIVA GERAL DE ENFASE
Felipe Rangel,DSG1962,1AA,4,DESIGN ESTRATEGICO,FALSE,FALSE,FALSE,FALSE,FALSE,__,__,SALA,,,,,,,,,,,,,,,,,,,,,,OPTATIVA GERAL DE ENFASE
Felipe Rangel,DSG1963,1AA,2,DESIGN DE SERVICO,FALSE,FALSE,FALSE,TRUE,FALSE,13,15,L658,10ART/10QQC,MARIA MANUELA RUPP QUARESMA,2,,,,,,,,,,,,,,,,,,,OPTATIVA GERAL DE ENFASE
Felipe Rangel,DSG1964,1AA,2,GESTAO DO DESIGN DIGITAL,FALSE,FALSE,FALSE,FALSE,FALSE,__,__,SALA,,,,,,,,,,,,,,,,,,,,,,OPTATIVA GERAL DE ENFASE
Felipe Rangel,DSG1965,1AA,2,O NEXO DESIGN E INOVACAO,FALSE,FALSE,FALSE,FALSE,FALSE,__,__,SALA,,,,,,,,,,,,,,,,,,,,,,OPTATIVA GERAL DE ENFASE
João Bonelli,DSG1966,1AA,3,REALIDADES DIGITAIS,FALSE,TRUE,FALSE,FALSE,FALSE,15,18,LIFE,10 ART/10QQC,HORISTA A CONTRATAR,3,,,,,,,,,,,,,,,,,,,OPTATIVA GERAL DE ENFASE
João Bonelli,DSG1967,1AA,3,ED/POS-PROD IMAG EM MOVIMENTO,FALSE,FALSE,FALSE,FALSE,FALSE,__,__,SALA,,,,,,,,,,,,,,,,,,,,,,OPTATIVA GERAL DE ENFASE
João Bonelli,DSG1968,1AA,3,COMPUTACAO PARA ANIMACAO,FALSE,FALSE,FALSE,FALSE,TRUE,13,16,F100,10 ART/10QQC,HELENA CAVALCANTI DE ALBUQUERQUE,3,,,,,,,,,,,,,,,,,,,OPTATIVA GERAL DE ENFASE
Daniel Malaguti,DSG1971,1AA,2,PRATICA ANTECIP SUST HUM SOC,FALSE,TRUE,FALSE,FALSE,FALSE,11,13,L532,10 ART/10QQC,DANIEL MALAGUTI CAMPOS,2,,,,,,,,,,,,,,,,,,,OPTATIVA DE OFICINA DE ENFASE
Izabel Oliveira,DSG1972,1AA,2,LAB: LUDICO PROCESSO DESIGN,FALSE,FALSE,FALSE,TRUE,FALSE,9,11,ART4,10 ART/10QQC,LUIS VICENTE BARROS CARDOSO DE MELO,2,,,,,,,,,,,,,,,,,,,OPTATIVA DE OFICINA DE ENFASE
Felipe Rangel,DSG1973,1AA,2,LAB:ESTRUT-SIST COLABORATIVO,FALSE,FALSE,FALSE,TRUE,FALSE,9,11,K08,10 ART/10QQC,MARIO AUGUSTO PINTO DE SOUZA SEIXAS,2,,,,,,,,,,,,,,,,,,,OPTATIVA DE OFICINA DE ENFASE
Felipe Rangel,DSG1974,1AA,2,BIOMIMETICA,FALSE,FALSE,FALSE,TRUE,FALSE,11,13,ART5,10 ART/10QQC,JOAO VICTOR AZEVEDO DE MENEZES CORREIA DE MELO,2,,,,,,,,,,,,,,,,,,,OPTATIVA DE OFICINA DE ENFASE
Claudia Kayat,DSG1975,1AA,2,LAB: INOVACAO EM PRODUTOS,FALSE,FALSE,TRUE,FALSE,FALSE,13,15,K08,10 ART/10QQC,CLAUDIO FREITAS DE MAGALHAES,2,,,,,,,,,,,,,,,,,,,OPTATIVA DE OFICINA DE ENFASE
Claudia Kayat,DSG1976,1AA,2,PROTOTIPAGEM PRODUTO-INOVACAO,FALSE,FALSE,FALSE,FALSE,FALSE,__,__,SALA,,,,,,,,,,,,,,,,,,,,,,OPTATIVA DE OFICINA DE ENFASE
Claudia Kayat,DSG1977,1AA,2,DESIGN DE EMBALAGEM,FALSE,TRUE,FALSE,FALSE,FALSE,11,13,K08,10 ART/10QQC,CLAUDIA HABIB KAYAT,2,,,,,,,,,,,,,,,,,,,OPTATIVA DE OFICINA DE ENFASE
Claudia Kayat,DSG1978,1AA,2,MOBILIARIO,FALSE,FALSE,FALSE,TRUE,FALSE,11,13,K08,10 ART/10QQC,PROFESSOR EXTERNO,2,,,,,,,,,,,,,,,,,,,OPTATIVA DE OFICINA DE ENFASE
Claudia Kayat,DSG1979,1AA,2,MOBILIARIO URBANO,FALSE,FALSE,FALSE,FALSE,FALSE,__,__,SALA,,,,,,,,,,,,,,,,,,,,,,OPTATIVA DE OFICINA DE ENFASE
Claudia Kayat,DSG1980,1AA,2,CERAMICA,FALSE,FALSE,FALSE,FALSE,FALSE,__,__,SALA,,,,,,,,,,,,,,,,,,,,,,OPTATIVA DE OFICINA DE ENFASE
Isabel Moreira,DSG1981,1AA,2,LAB:FORMA TRIDIMENSIONAL MODA,FALSE,TRUE,FALSE,FALSE,FALSE,11,13,LABMET,15 ART/5QQC,WALVYKER ALVES DE SOUZA,2,,,,,,,,,,,,,,,,,,,OPTATIVA DE OFICINA DE ENFASE
Isabel Moreira,DSG1982,1AA,4,LABORATORIO DE ESTAMPARIA,FALSE,TRUE,FALSE,FALSE,FALSE,11,13,K17,15 ART/5QQC,ISABEL MARTINS MOREIRA,4,,,,,,,,,,,,,,,,,,,OPTATIVA DE OFICINA DE ENFASE
Isabel Moreira,DSG1982,1AA,4,LABORATORIO DE ESTAMPARIA,FALSE,FALSE,FALSE,FALSE,TRUE,11,13,F100,,ISABEL MARTINS MOREIRA,4,,,,,,,,,,,,,,,,,,,OPTATIVA DE OFICINA DE ENFASE
Isabel Moreira,DSG1983,1AA,2,LAB: ADORNO CONTEMPORANEO,FALSE,FALSE,FALSE,FALSE,FALSE,__,__,SALA,,,,,,,,,,,,,,,,,,,,,,OPTATIVA DE OFICINA DE ENFASE
Isabel Moreira,DSG1984,1AA,2,MODA-CORPOREIDADE-TRANSGRESSAO,FALSE,FALSE,FALSE,FALSE,FALSE,__,__,SALA,,,,,,,,,,,,,,,,,,,,,,OPTATIVA DE OFICINA DE ENFASE
Isabel Moreira,DSG1985,1AA,2,ACESSORIO MODA EXTENSAO CORPO,TRUE,FALSE,FALSE,FALSE,FALSE,13,15,LABMET,15 ART/5QQC,PRISCILA ANDRADE SILVA,2,,,,,,,,,,,,,,,,,,,OPTATIVA DE OFICINA DE ENFASE
Isabel Moreira,DSG1986,1AA,4,CONSTRUCAO VESTUARIO AVANCADA,FALSE,TRUE,FALSE,FALSE,FALSE,7,11,LABMET,15 ART/5QQC,WALVYKER ALVES DE SOUZA,4,,,,,,,,,,,,,,,,,,,OPTATIVA DE OFICINA DE ENFASE
Felipe Rangel,DSG1987,1AA,2,PROTOTIPAGEM-DESIGN DE SERVICO,FALSE,FALSE,FALSE,FALSE,FALSE,__,__,SALA,,,,,,,,,,,,,,,,,,,,,,OPTATIVA DE OFICINA DE ENFASE
João Bonelli,DSG1988,1AA,2,PROTOTIPAGEM-SIMULACAO DIGITAL,FALSE,FALSE,FALSE,TRUE,FALSE,13,15,K15,10ART/10QQC,LEONARDO CARDARELLI LEITE,2,,,,,,,,,,,,,,,,,,,OPTATIVA DE OFICINA DE ENFASE
João Bonelli,DSG1989,1AA,2,LUDICIDADE DIGITAL,FALSE,TRUE,FALSE,FALSE,FALSE,7,9,F100,10ART/10QQC,GUILHERME DE ALMEIDA XAVIER,2,,,,,,,,,,,,,,,,,,,OPTATIVA DE OFICINA DE ENFASE
João Bonelli,DSG1990,1AA,2,JOGOS DIGITAIS,FALSE,FALSE,FALSE,TRUE,FALSE,13,15,F100,10ART/10QQC,GUILHERME DE ALMEIDA XAVIER,2,,,,,,,,,,,,,,,,,,,OPTATIVA DE OFICINA DE ENFASE
Felipe Rangel,DSG1991,1AA,2,VISUALIZACAO DE DADOS,FALSE,FALSE,FALSE,FALSE,FALSE,__,__,SALA,,,,,,,,,,,,,,,,,,,,,,OPTATIVA DE OFICINA DE ENFASE
Izabel Oliveira,DSG1992,1AA,2,DESIGN E SOM,FALSE,FALSE,FALSE,FALSE,FALSE,__,__,SALA,,,,,,,,,,,,,,,,,,,,,,OPTATIVA DE OFICINA DE ENFASE
Izabel Oliveira,DSG1993,1AA,2,DESIGN E LUZ,FALSE,FALSE,FALSE,FALSE,FALSE,__,__,SALA,,,,,,,,,,,,,,,,,,,,,,OPTATIVA DE OFICINA DE ENFASE
Daniel Malaguti,DSG1994,1AA,,LAB: TECNOLOGIA ASSISTIVA,FALSE,FALSE,FALSE,FALSE,FALSE,__,__,SALA,,,,,,,,,,,,,,,,,,,,,,OPTATIVA DE OFICINA DE ENFASE
Izabel Oliveira,DSG1995,1AA,2,REPRESENTACAO IMAGEM-INCLUSAO,TRUE,FALSE,FALSE,FALSE,FALSE,11,13,VIRTUAL,20 ART,CRISTINE NOGUEIRA NUNES,2,,,,,,,,,,,,,,,,,,,OPTATIVA DE DESENHO DE ENFASE
Claudia Kayat,DSG1996,1AA,4,MODELAGEM VIRTUAL AVANCADA,FALSE,TRUE,FALSE,TRUE,FALSE,7,9,K15,10 ART/10 QQC,GUILHERME LORENZONI DE ALMEIDA,4,,,,,,,,,,,,,,,,,,,OPTATIVA DE DESENHO DE ENFASE
Isabel Moreira,DSG1997,1AA,2,FIGURINO E O CORPO NARRATIVO,FALSE,TRUE,FALSE,FALSE,FALSE,13,15,ART2,10 ART/10 QQC,SILVIA HELENA SOARES DA COSTA,2,,,,,,,,,,,,,,,,,,,OPTATIVA DE DESENHO DE ENFASE
Izabel Oliveira,DSG1998,1AA,2,DESENHO DE MODELO VIVO,TRUE,FALSE,FALSE,FALSE,FALSE,15,17,L532,10 ART/10 QQC,LUCIANA GRETHER DE MELLO CARVALHO,2,,,,,,,,,,,,,,,,,,,OPTATIVA DE DESENHO DE ENFASE
João Bonelli,DSG1999,1AA,3,CRIACAO/TRATAMENTO DE IMAGEM,FALSE,FALSE,FALSE,TRUE,FALSE,15,18,K15,15 ART/5 QQC,LUIZ EDUARDO DUTRA COELHO DA ROCHA,3,,,,,,,,,,,,,,,,,,,OPTATIVA DE DESENHO DE ENFASE
João Bonelli,DSG1999,1AB,3,CRIACAO/TRATAMENTO DE IMAGEM (em Inglês),FALSE,TRUE,FALSE,FALSE,FALSE,16,19,K15,10 QQC/10 CCCI,LUIZ EDUARDO DUTRA COELHO DA ROCHA,3,,,,,,,,,,,,,,,,,,,OPTATIVA DE DESENHO DE ENFASE
Eliane Garcia,EMP1200,8AA,2,EMPREENDEDORISMO,FALSE,FALSE,FALSE,TRUE,FALSE,11,13,VIRTUAL,25 ART,Silvia Therezinha de Almeida Moraes ADM,,,,,,,,,,,,,,,,,,,,
Eliane Garcia,EMP1200,8AB,2,EMPREENDEDORISMO,FALSE,FALSE,TRUE,FALSE,FALSE,7,9,VIRTUAL,25 ART,GUILHERME AZEVEDO TOLEDO,,,,,,,,,,,,,,,,,,,,
Eliane Garcia,FIL1815,1AA,4,ESTÉtICA,TRUE,FALSE,TRUE,FALSE,FALSE,7,9,SALA,35 ART,Rafael Zacca,,,,,,,,,,,,,,,,,,,,
Eliane Garcia,FIL1815,1AB,4,ESTÉtICA,FALSE,FALSE,TRUE,FALSE,TRUE,7,9,SALA,35 ART,Gabriel Jucá,,,,,,,,,,,,,,,,,,,,
Eliane Garcia,FIS1130,3AA,2,FÍSICA ,FALSE,FALSE,FALSE,TRUE,FALSE,11,13,LABFisica,28 ART,PROFESSOR EXTERNO,,,,,,,,,,,,,,,,,,,,
Eliane Garcia,INF1030,3AA,3,CONCEITOS DE INFORMÁTICA,FALSE,FALSE,FALSE,TRUE,FALSE,8,11,VIRTUAL,20 ART,PROFESSOR EXTERNO,,,,,,,,,,,,,,,,,,,,
Eliane Garcia,JUR1809,2AA,2,DIREITO DO AUTOR,TRUE,FALSE,FALSE,FALSE,FALSE,9,11,VIRTUAL,35 ART,PROFESSOR EXTERNO,,,,,,,,,,,,,,,,,,,,
Eliane Garcia,LET1910,1AA,4,ANALISE PRODUÇÃO TEXTO ACADÊMICO,TRUE,FALSE,TRUE,FALSE,FALSE,13,15,SALA,18 CAL/10 ART,PROFESSOR EXTERNO,4,,,,,,,,,,,,,,,,,,,1o 
Eliane Garcia,LET1910,1AB,4,ANALISE PRODUÇÃO TEXTO ACADÊMICO,TRUE,FALSE,TRUE,FALSE,FALSE,15,17,SALA,27 CAL,PROFESSOR EXTERNO,4,,,,,,,,,,,,,,,,,,,1o 
Eliane Garcia,LET1910,1AC,4,ANALISE PRODUÇÃO TEXTO ACADÊMICO,TRUE,FALSE,TRUE,FALSE,FALSE,15,17,SALA,27 CAL,PROFESSOR EXTERNO,4,,,,,,,,,,,,,,,,,,,1o 
Eliane Garcia,LET1910,1AD,4,ANALISE PRODUÇÃO TEXTO ACADÊMICO,TRUE,FALSE,TRUE,FALSE,FALSE,17,19,ART3,27 CAL,PROFESSOR EXTERNO,4,,,,,,,,,,,,,,,,,,,1o 
Eliane Garcia,LET1910,1AE,4,ANALISE PRODUÇÃO TEXTO ACADÊMICO,TRUE,FALSE,TRUE,FALSE,FALSE,17,19,L658,27 CAL,PROFESSOR EXTERNO,4,,,,,,,,,,,,,,,,,,,1o 