Dom. Ad.,EQUIV.,SUPERVISÃO,CODIGO,CR.,TUR,DISCIPLINA,2,3,4,5,6,HORA,SALA,VAGAS 2021.2,PROFESSOR,PERIODIZACAO
Animação,,João,ART1050,3,1AA,DESENHO DE OBSERVAÇÃO,,,,,6,11-14,ART 4,10 ART/10 QQC,Carlos André ,1º período
,,João,ART1053,2,1AA,DESENHO DE MODELO VIVO,2,,,,,11-13,L 422,10 ART/10 QQC,Luciana Grether,2º Optativas de desenho
146/10 CRÉDITOS,DSG0100,Luiza,ART1056,2,1AA,HISTÓRIA DA ARTE II,2,,,,,15-17,VIRTUAL,10 ART/10 QQC,Jorge Langone,2º/3º/5º/6º/7º para CV e DIG - 2º/3º/4º/6º/8º para MOD - 2º/3º/4º/5º/7º para PP optativa historia da arte e do design
,DSG0100,Luiza,ART1056,2,1AB,HISTÓRIA DA ARTE II,,,,5,,07-09,VIRTUAL,10 ART/10 QQC,Luiza Interlenghi,2º/3º/5º/6º/7º para CV e DIG - 2º/3º/4º/6º/8º para MOD - 2º/3º/4º/5º/7º para PP optativa historia da arte e do design
,,João,ART1114,4,1AA,TECNICAS DE ILUSTRAÇÃO,,,,,6,11-15,K 017,10 ART/10 QQC,Mateu Velasco,6º CV optativa de representação em CV
,,Bebel,ART1116,3,1AA,LINGUAGEM DA  ILUSTRAÇÃO,,,,,6,07-10,ART 4,10 ART/10 QQC,Nathalia Cavalcante,6º CV optativa de representação em CV
,DSG0100,Luiza,ART1420,4,1AA,CULTURA MODERNA/CONTEMPORANEA,2,,4,,,09-11,VIRTUAL,20 ART / 2 QQC,Daniela Oliveira,2º/3º/5º/6º/7º para CV e DIG - 2º/3º/4º/6º/8º para MOD - 2º/3º/4º/5º/7º para PP optativa historia da arte e do design
,DSG0100,Luiza,ART1420,4,1AB,CULTURA MODERNA/CONTEMPORANEA,2,,4,,,13-15,VIRTUAL,20 ART / 2 QQC,Jorge Langone,2º/3º/5º/6º/7º para CV e DIG - 2º/3º/4º/6º/8º para MOD - 2º/3º/4º/5º/7º para PP optativa historia da arte e do design
Animação,,Bebel,ART1839,4,1AA,TEA X - DESIGN DE HISTÓRIAS: TEORIA E TECNICA DE NARRATIVAS ,,3,,5,,13-15,VIRTUAL,10 ART/10 QQC,Miguel Carvalho,Optativa Midia Digital
,,Bebel,ART1858,4,1AA,INTRODUÇÃO À PESQUISA,,,,,,SHF,VIRTUAL,25 QQC,Claudia Bolshaw 1 Luiza Novaes 2 Palestra 1,Eletiva 
,,Eliane,DSG1013,3,1AA,"DEXPO – Design, Extensão e Política",,3,,,,13-16,Depto,15 ART,Gamba Junior tem que ter palestrante ,EXTENSÃO 
,,Bebel,DSG1030,2,1AA,ANTEPROJETO ESPECÍFICO CV,,3,,,,11-13,VIRTUAL,12 ECV,Maria Julia 2 Izabel Oliveira 0,7º para CV
,,Bebel,DSG1030,2,1AB,ANTEPROJETO ESPECÍFICO CV,,3,,,,11-13,VIRTUAL,12 ECV,Izabel Oliveira 2,7º para CV
,,Bebel,DSG1030,2,1AC,ANTEPROJETO ESPECÍFICO CV,,3,,,,11-13,VIRTUAL,12 ECV,Suzana Valladares 2 Izabel Oliveira 0,7º para CV
,,Bebel,DSG1031,10,1AA,PROJETO ESPECIFICO CV,,3,,5,,07-11/07-13,L 658,12 ECV ,André Beltrao 5 Izabel Oliveira 0  Julieta Sobral 3 Gabriela Gusmão 2,7º para CV
,,Bebel,DSG1031,10,1AB,PROJETO ESPECIFICO CV,,3,,5,,07-11/07-13,L 658,12 ECV ,"Suzana Valladares 5, Izabel Oliveira 0, Julieta Sobral 2, Evelyn Grumach 3",7º para CV
,,Bebel,DSG1032,10,1AA,PROJETO FINAL CV,,3,,,6,07-11/07-13,L 232,14 ECV ,Roberta Portas 5 Izabel Oliveira 0  Fábio Lopez 0  Julieta Sobral 4 Evelyn Grumach 0  Luiz Ludwig 0 Vera Damazio 1,8º para CV 
,,Bebel,DSG1032,10,1AB,PROJETO FINAL CV,,3,,,6,07-11/07-13,L 232,14 ECV ,Luiz Ludwig 5 Izabel Oliveira 3 Roberta 0 Fábio Lopez 0 Julieta 0 Evelyn Grumach 0 Vera Damazio 0 Palestra 2,8º para CV 
,,Bebel,DSG1032,10,1AC,PROJETO FINAL CV,,3,,,6,07-11/07-13,L 260,14 ECV ,Fábio Lopez 5 Roberta Portas 0 Izabel Oliveira 0  Luiz Ludwig 0 Evelyn Grumach 3 Julieta Sobral 0 Vera Damazio 1 Palestra 1,8º para CV 
,,João,DSG1041,10,1AA,PROJETO ESPECIFICO DIG,,3,,5,,07-13/07-11,L 422,11 DIG ,João Bonelli 5 Mª das Graças 0 Eliane Garcia 1 Marcelo Pereira 1 Guilherme Xavier 1 Joy Till 1 Claudia Bolshaw 1,7º para DIG
,,João,DSG1041,10,1AB,PROJETO ESPECIFICO DIG,,3,,5,,07-13/07-11,L 422,11 DIG,Mª das Graças 5 João Bonelli 0 Eliane Garcia 1 Marcelo Pereira 1 Guilherme Xavier 1 Joy Till 1 Claudia Bolshaw 1 ,7º para DIG
,,João,DSG1042,10,1AA,PROJETO FINAL DIG,,3,,,6,07-11/07-13,L 532,15 DIG,Marcelo Pereira 5 Mª das Graças 0 João Bonelli 1 Eliane Garcia 1 Guilherme Xavier 1 Claudia Bolshaw 1 Joy Till 1  ,8º para DIG
,,João,DSG1042,10,1AB,PROJETO FINAL DIG,,3,,,6,07-11/07-13,L 532,15 DIG,Mª das Graças 5 Marcelo Pereira 0 João Bonelli 1 Eliane Garcia 0 Guilherme Xavier 1 Claudia Bolshaw 1 Joy Till 1 Palestra 1,8º para DIG
,,Bel,DSG1051,10,1AA,PROJETO ESPECIFICO MOD,,3,,5,,07-13/07-11,LAB MOD/ART 1,11 MOD ,Isabel Martins 5 Priscila Andrade 0 Horista a contratar 2 Maria Eloisa 3 ,7º para MOD
,,Bel,DSG1051,10,1AB,PROJETO ESPECIFICO MOD,,3,,5,,07-13/07-11,LAB MOD/ART 1,11 MOD,Priscila Andrade 5 Isabel Martins 0 Horista a contratar 3 Maria Eloisa 2 ,7º para MOD
,,Bel,DSG1052,8,1AA,PROJETO FINAL MOD,,3,,,6,07-11,ART 2 (apoio LAB 6ª),12 MOD,Luiza Marcier 4 Isabel Martins 0 Luciana Barbosa 2 Walvyker Souza 2,8º para MOD
,,Bel,DSG1052,8,1AB,PROJETO FINAL MOD,,3,,,6,07-11,ART 2 (apoio LAB 6ª),12 MOD,Isabel Martins 4 Luiza Marcier 0 Luciana Barbosa 2 Walvyker Souza 2 ,8º para MOD
,,Kayat,DSG1061,10,1AA,PROJETO ESPECÍFICO PP,,3,,5,,07-11/07-13,ART1/ART2,10 EPP,Augusto Seibel 5 Felipe Rangel 2 Claudia Kayat 0 Daniel Malaguti 2  Guilherme Lorenzon 1,7º para PP
,,Kayat,DSG1061,10,1AB,PROJETO ESPECÍFICO PP,,3,,5,,07-11/07-13,ART1/ART2,10 EPP,Claudia Kayat 5 Augusto Seibel 0 Felipe Rangel 2 Daniel Malaguti 2 Guilherme Lorenzon 1,7º para PP
,,Kayat,DSG1062,10,1AA,PROJETO FINAL PP,,3,,,6,07-11/07-13,F 100,10 EPP,Felipe Rangel 4 Claudia Kayat 2 Augusto Seibel 0 Gabriella Vaccari 3 Daniel Malaguti 1,8º para PP
,,Kayat,DSG1062,10,1AB,PROJETO FINAL PP,,3,,,6,07-11/07-13,F 100,10 EPP,Augusto Seibel 5 Felipe Rangel 0 Claudia Kayat 2  Gabriella Vaccari 2 Jorge Lopes 1 Daniel Malaguti 0,8º para PP
,DSG0100,Luiza,DSG1102,2,1AA,HISTORIA DO DESIGN II,,3,,,,11-13,VIRTUAL,10 ART/10 QQC,Joaquim Redig,Optativa de História da Arte e do Design
,DSG0100,Luiza,DSG1104,2,1AA,HISTÓRIA DOS ESTILOS ,,,,5,,13-15,VIRTUAL,10 ART/10 QQC,Silvia Helena ,Optativa de História da Arte e do Design
Tecnologias e MD ,,João,DSG1105,2,1AA,NOVAS TECNOLOGIAS,,,4,,,11-13,VIRTUAL,25 ART / 5 QQC ,Alexandre Cantini,8º
Tecnologias e MD ,,João,DSG1105,2,1AB,NOVAS TECNOLOGIAS,,,4,,,09-11,VIRTUAL,25 ART / 5 QQC ,Leonardo Cardarelli,8º
Tecnologias e MD ,,João,DSG1105,2,1AC,NOVAS TECNOLOGIAS,,,,5,,09-11,VIRTUAL,25 ART / 5 QQC ,Flavio Carvalho,8º
,DSG1967,João,DSG1143,3,1AA,EDIÇÃO POS PROD IMAGENS EM MOV,,,,,6,07-10,K 015,20 ART ,Eliane Garcia,4º para CV e PP - 6º para DIG e MOD
,,João,DSG1143,3,1AB,EDIÇÃO POS PROD IMAGENS EM MOV,,3,,,,07-10,K 015,20 ART ,Sanseverino,4º para CV e PP - 6º para DIG e MOD
Animação,,João,DSG1144,3,1AA,MODELAGEM VIRTUAL,,3,,,,13-16,F 100,13 ART / 2 QQC,Helena Cavalcanti,"3º para CV, PP e DIG - 5º para MOD"
,,Kayat,DSG1145,3,1AA,MODELAGEM VIRTUAL II,2,,,,,07-10,F 100,10 ART/ 8 QQC,Ricardo Fontes,6º PP optativa de representação em PP
,DSG1831,Bebel,DSG1302,2,1AA,TENDÊNCIAS EM COMUNICAÇÃO VISUAL,,,,5,,09-11,VIRTUAL,18 ECV,Flavia Nizia,6º para CV
,,Bebel,DSG1303,3,1AA,COR NA COMUNIC VISUAL,,3,,,,15-18 ,K 017,15 ART /5 QQC,Claudio Werneck ,3º para CV
,,Bebel,DSG1305,3,1AA,BIÔNICA PARA COMUNICAÇÃO VISUAL, ,,4,,,10-13,ART 4,20 ECV,Nathalia Cavalcante ,6º para CV
,Ultimo semestre,Bebel,DSG1311,4,1AA,GRAFICA,2,,4,,,09-11,K 017,8 ECV/12 QQC,Julieta Sobral ,4º para CV
,,Bebel,DSG1312,3,1AA,SISTEMAS DE PROD. GRAFICA,,,,5,,08-11 ,K 017,18 ECV ,Gilberto Mendes,5º para CV
,,Bebel,DSG1322,2,1AA,IMAGEM REPRESENTAÇÃO CV,2,,,,,11-13,VIRTUAL,18 ECV ,Izabel Oliveira ,7º para CV
,,Bebel,DSG1322,2,1AB,IMAGEM REPRESENTAÇÃO CV,,,,,6,09-11,VIRTUAL,18 ECV ,Cristine Nogueira,7º para CV
,,Bebel,DSG1323,4,1AA,TEORIAS E ENFOQUES CRÍTICOS NA CV,,,4,,6,11-13,VIRTUAL/ART 3,20 ECV,Simone Formiga ,6º para CV
,,Bebel,DSG1332,2,1AA,TIPOGRAFIA II ,,,,5,,09-11,L 532,20 ECV ,Fábio Lopez,8º para CV
,,Bebel,DSG1332,2,1AB,TIPOGRAFIA II ,,,,5,,11-13,ART 1,20 ECV ,André Beltrão,8º para CV
,,Bebel,DSG1335,4,1AA,LINGUAGEM EM COMUNICAÇÃO VISUAL II,,3,,5,,13-15,ART 4,10 ART /10 QQC,Simone Formiga,Optativa para CV 
,,Bebel,DSG1336,2,1AA,ENCADERNAÇÃO,2,,,,,11-13,K 017,15 ART / 5 QQC,Cristina Viana ,Optativa para CV 
,,Bebel,DSG1337,4,1AA,BRANDING - CONSTRUÇÃO DA MARCA  ,,,4,,6,11-13 ,ART 5/ ART 1,15 ART / 5 QQC,Guto Lins ,Optativa para CV 
Tecnologias e MD ,,Bebel,DSG1403,2,1AA,ERGONOMIA E INT HUMANO-COMPUTADOR,,,,5,,11-13,VIRTUAL,20 ART / 4 QQC ,Isabela Mota ,4º para DIG
,,João,DSG1412,4,1AA,INTERFACES FÍSICAS E LÓGICAS,,,4,,6,13-15,LIFE,20 DIG,Luiz Ludwig ,7º para DIG
,,João,DSG1413,4,1AB,DESIGN DE OBJETOS INTELIGENTES,2,,,,,13-16/1SHF,LIFE,18 DIG ,João Bonelli ,8º para DIG
,DSG0100 e DSG0830,Luiza,DSG1414,3,1AA,HISTÓRIAS DAS MÍDIAS DIGITAIS INTERATIVAS ,,,4,,,13-16,VIRTUAL,20 ART/ 2 QQC,Leonardo Cardarelli,Optativa de História da Arte e do Design
,,João,DSG1415,3,1AA,SONORIZAÇÃO E ÁUDIO DIGITAIS,,,4,,,07-10,F 100,20 DIG,Werther Azevedo,8º para DIG OPTATIVA
Animação,,João,DSG1421,3,1AA,PRINCIPIOS DE ANIMAÇÃO,,3,,,,13-16,LAIA,20 QQC ,Marcos Amarante,3º para DIG
Animação,,João,DSG1422,3,1AA,COMPUTAÇÃO PARA ANIMAÇÃO,,,,5,,09-12,F 100,5 DIG / 5 QQC/ 5 ART ,Leonardo Cardarelli,5º para DIG
Animação,DSG0100,Luiza,DSG1423,2,1AA,HISTÓRIA  DA ANIMAÇÃO,,,4,,,17-19,VIRTUAL,20 QQC ,Marcos Amarante,2º/3º/5º/6º/7º para CV e DIG - 2º/3º/4º/6º/8º para MOD - 2º/3º/4º/5º/7º para PP optativa historia da arte e do design
,DSG0100,Luiza,DSG1423,2,1AB,HISTÓRIA  DA ANIMAÇÃO,,,4,,,13-15,VIRTUAL,20 QQC,Marcos Amarante,2º/3º/5º/6º/7º para CV e DIG - 2º/3º/4º/6º/8º para MOD - 2º/3º/4º/5º/7º para PP optativa historia da arte e do design
Animação,,João,DSG1424,3,1AA,ANIMAÇÃO ,,,,,6,13-16,LAIA,10 ART / 7 QQC,Claudia Bolshaw,5º/8º para DIG OPTATIVA
,,João,DSG1424,3,1AB,ANIMAÇÃO ,,,4,,,13-16,LAIA,10 ART / 7 QQC,Claudia Bolshaw,5º/8º para DIG OPTATIVA
,,João,DSG1432,3,1AA,COMP. GRAF. E TEC. JOGOS ELET,,,,,6,13-16,F 100,15 DIG /5 QQC,Leonardo Cardarelli,6 º para DIG
,,João,DSG1433,3,1AA,DESIGN DE JOGOS ,,3,,,,13-16,K 015,15 QQC,Guilherme Xavier ,5º/8º para DIG OPTATIVA
Tecnologias e MD ,,João,DSG1441,4,1AA,HIPERMÍDIA,,3,,5,,11-13,ART 3/VIRTUAL,10 ART/10 QQC,Marcelo Pereira ,6º para DIG
,,João,DSG1442,3,1AA,NARRATIVA EM MULTIMIDIA ,2,,,,,11-14,VIRTUAL,10 ART/10 QQC,Rian Rezende,5º/8º para DIG OPTATIVA
,,Bel,DSG1502,2,1AA,TENDÊNCIAS EM DESIGN DE MODA,,3,,,,11-13,VIRTUAL,12 MOD /8 QQC,Priscila Andrade,6º para MOD
,,Bel,DSG1515,2,1AA,TEC. DE COSTURA,,,4,,,09-11,LAB MOD,10 MOD/ 10 ART ,Walvyker Souza,5º para MOD
,Ultimo semestre ,Bel,DSG1516,3,1AA,DESENHO DE MODA aux por comp. - CAD,2,,,,,10-13,LIFE,12 MOD,Claudia Vianna ,6º para MOD
,,Bel,DSG1517,3,1AA,DESIGN DE ESTAMPARIA ,,,,5,,13-16,K 017,7 MOD/ 13 QQC,Priscila Andrade ,5º para MOD
,Ultimo semestre ,Bel,DSG1518,4,1AA,TECNOLOGIA TÊXTIL,,,,,6,07-11,ART 1,18 MOD/ 2 QQC,Barbara Cruz,6º para MOD
,,Bel,DSG1519,2,1AA,ALFAIATARIA,,,,,6,13-15,LAB MOD,20 ART ,Walvyker Souza,8º Optativa de design de moda 
,DSG0100,Luiza,DSG1532,2,1AA,HISTORIA DA MODA CONTEMPORÂNEA I,,,,,6,09-11,VIRTUAL,10 ART/ 10 QQC,Daniela Oliveira,7º para MOD
,DSG0100,Luiza,DSG1533,2,1AA,HISTORIA DA MODA CONTEMPORÂNEA II,,,,5,,07-09,VIRTUAL,10 ART/ 10 QQC,Daniela Oliveira,2º/3º/5º/6º/7º para CV e DIG - 2º/3º/4º/6º/8º para MOD - 2º/3º/4º/5º/7º para PP optativa historia da arte e do design
,ART0100/DSG0151,Bel,DSG1535,2,1AA,DESENHO DE MODA,,,,5,,07-09,F 100,15 ART / 5 QQC,Maria Eloisa,Optativas de desenho
Artes do Espetáculo,,Bel,DSG1537,2,1AA ,FIGURINO,,,,,6,11-13,ART 2,10 ART / 5 QQC / 10 ACN,Silvia Helena ,8º Optativa de design de moda 
,DSG0100,Luiza,DSG1538,2,1AA,HISTÓRIA DA MODA BRASILEIRA ,,,,,6,09-11,VIRTUAL,10 ART/ 10 QQC,Silvia Helena ,2º/3º/5º/6º/7º para CV e DIG - 2º/3º/4º/6º/8º para MOD - 2º/3º/4º/5º/7º para PP optativa historia da arte e do design
,,Bel,DSG1551,4,1AA,DESIGN DE ADORNOS PESSOAIS,,3,,5,,11-13/ 11-13,VIRTUAL/L 422,10 ART/ 10 QQC,Irina Aragão,
,DSG0100,Luiza,DSG1553,2,1AA,HISTÓRIA DO ADORNO PESSOAL II,,,4,,,11-13,VIRTUAL,10 ART/ 10 QQC,Irina Aragão,Optativas de História da Arte e do Design
,Ultimo semestre,Kayat,DSG1602,2,1AA,TENDÊNCIAS EM DESIGN DE PRODUTO,,,,5,,11-13,VIRTUAL,10 EPP/10 QQC,Flavio Carvalho,6º para PP
,Ultimo semestre,Kayat,DSG1605,3,1AA,BIÔNICA ,,3,,,,11-14,ART 2,10 EPP/ 10 QQC,João Victor,6º para PP
,Ultimo semestre,Kayat,DSG1612,3,1AA,REPRESENTAÇÃO EM VOLUME II,2,,,,,13-16,K 008 e LAMP,4 EPP / 16 ART,Gabriella Vaccari ,3º para PP
,Ultimo semestre 2 semestre,Kayat,DSG1613,2,1AA,REPRESENTAÇÃO EM VOLUME III,2,,,,,11-13,K 008 e LAMP,22 EPP,Gabriella Vaccari,8ª para PP
,Ultimo semestre,Kayat,DSG1623,4,1AA,MATERIAIS E PROCES. DE PROD II,,,,,6,07-11,ART 3,20 EPP ,Marco Antônio ,6º para PP
,,Kayat,DSG1632,2,1AA,SEMÂNTICA DO PRODUTO,2,,,,,09-11,VIRTUAL,20 EPP ,Vera Nojima ,7º para PP
,Ultimo semestre,Kayat,DSG1634,2,1AA,ECODESIGN,,,,5,,13-15,ART5,10 EPP / 5 QQC/ 5 CCI,Augusto Seibel,7º para PP
,,Kayat,DSG1635,2,1AA,ILUSTRAÇÃO DE PRODUTO,,,,,6,11-13,L 658,10 ART/ 10 QQC,Dedé Rocha,Optativa de desenho
,,Kayat,DSG1637,3,1AA,LABORATORIO DA FORMA I,,3,,,,08-11,LAMP K 008,10 ART/ 10 QQC,Gabriella Vaccari,6º PP optativa de design de produto
Animação,,João,DSG1717,2,1AA,TED XIV - DISTRIBUIÇÃO AUDIOVISUAL,2,,,,,09-11,VIRTUAL,10 ART/ 10 QQC,Claudia Bolshaw,Eletiva 
Animação,,João,DSG1718,2,1AA,NARRATIVAS AUDIOVISUAIS,,,,5,,08-10,VIRTUAL,10 ART/ 10 QQC,Rian Rezende,Eletiva 
,,Bebel,DSG1721,2,1AA,TED XXII CULTURA BRASILEIRA DA LIT INFANTO JUVENIL ,,,4,,,11-13,L 422,10 QQC/ 10 CCI,Luciana Grether,Eletiva 
,,Bebel,DSG1753,3,1AA,TED LIV - DIAGRAMAÇÃO E EDITORAÇÃO ELETRÔNICA ,,3,,,,10-13,VIRTUAL,10 ECV / 05 ART,Romulo Matteoni,Optativa Representação em CV
,,João,DSG1758,3,1AA,CRIAÇÃO E PRODUÇÃO DE IMAGEM EM MOVIMENTO,,,,5,,08-11,L 232,10 ART/ 10 QQC,Sanseverino,Eletiva 
,,João,DSG1782,4,1AA,TED LXXXIII - AQUARELAS LÍQUIDAS,2,,,,,13-17,ART 4,10 ART/ 10 QQC,Dedé Rocha ,Eletiva 
,,Jorge,DSG1801,2,1AA,CONTEÚDOS ESTRUTURANTES: OLHAR INTRAMUROS,,3,,,,13-15,L 532,20 CAL  ,Daniel Malaguti 2 Jorge Langone 0,1º
,,Jorge,DSG1801,2,1AB,CONTEÚDOS ESTRUTURANTES: OLHAR INTRAMUROS,,3,,,,13-15,ART 1,20 CAL ,Tatiana Carvalho 2 Jorge Langone 0,1º
,,Jorge,DSG1801,2,1AC,CONTEÚDOS ESTRUTURANTES: OLHAR INTRAMUROS,,3,,,,13-15,L 658,20 CAL ,Flavia Nizia 2 Jorge Langone 0,1º
,,Jorge,DSG1801,2,1AD,CONTEÚDOS ESTRUTURANTES: OLHAR INTRAMUROS,,3,,,,13-15,ART 3,27 ART/ 6 QQC ,Marcelo Pereira 1 Palestra 1 Jorge Langone 0,1º
,,Jorge,DSG1802,2,1AA,CONTEÚDOS ESTRUTURANTES: OLHAR EXTRAMUROS,,,,5,,13-15,ART 1,28 ART,Izabel Oliveira 1 Lula Rocha 1 Jorge Langone 0,2º
,,Jorge,DSG1802,2,1AB,CONTEÚDOS ESTRUTURANTES: OLHAR EXTRAMUROS ,,,,5,,13-15,ART 2,28 ART,João Bonelli 1 Lula Rocha 1 Jorge Langone 0,2º
,,Jorge,DSG1802,2,1AC,CONTEÚDOS ESTRUTURANTES: OLHAR EXTRAMUROS ,,,,5,,13-15,ART 3,28 ART,Renata Mattos 1 Lula Rocha 1 Jorge Langone 0,2º
,,Jorge,DSG1803,2,1AA,CONTEÚDOS ESTRUTURANTES: PROJETAR EM PARCERIA ,2,,,,,13-15,VIRTUAL,24 ART ,Luis Vicente 1  Olivia Hirch 1 Jorge Langone 0,3º
,,Jorge,DSG1803,2,1AB,CONTEÚDOS ESTRUTURANTES: PROJETAR EM PARCERIA,2,,,,,13-15,VIRTUAL,24 ART ,Carlos André 1 Palestra 1 Jorge Langone 0,3º
,,Jorge,DSG1803,2,1AC,CONTEÚDOS ESTRUTURANTES: PROJETAR EM PARCERIA ,2,,,,,13-15,VIRTUAL,24 ART ,Luciana Grether 1 Palestra 1 Jorge Langone 0,3º
,,Jorge,DSG1804,2,1AA,CONTEÚDOS ESTRUTURANTES: PROJETAR EM SOCIEDADE,,3,,,,09-11,S/sala ,25 ART ,Claudio Werneck 2 Jorge Langone 0,4º
,,Jorge,DSG1804,2,1AB,CONTEÚDOS ESTRUTURANTES: PROJETAR EM SOCIEDADE,,3,,,,09-11,ART3,25 ART ,Izabel Oliveira 2 Jorge Langone 0,4º
,,Jorge,DSG1804,2,1AC,CONTEÚDOS ESTRUTURANTES: PROJETAR EM SOCIEDADE,,3,,,,09-11,IAG 3,25 ART ,Gilberto Mendes 2 Jorge Langone 0,4º
,,Jorge,DSG1804,2,1AD,CONTEÚDOS ESTRUTURANTES: PROJETAR EM SOCIEDADE,,3,,,,09-11,S/sala,25 ART ,Maria Julia 2 Jorge Langone 0,4º
,,Jorge,DSG1805,2,1AA,CONTEÚDOS ESTRUTURANTES: PROJETAR PARA CONCRETIZAR,,,,,6,07-09,VIRTUAL,20 ART ,Romulo Matteoni 2 Jorge Langone 0,5º
,,Jorge,DSG1805,2,1AB,CONTEÚDOS ESTRUTURANTES: PROJETAR PARA CONCRETIZAR,,,,,6,07-09,VIRTUAL,20 ART ,Vera Nojima 2 Jorge Langone 0,5º
,,Jorge,DSG1806,2,1AA,CONTEÚDOS ESTRUTURANTES: PROJETAR PARA RESSIGNIFICAR A PRÁTICA ,,,4,,,08-10,L 422,27 ART,Roberta Portas 2 Jorge Langone 0,6º
,,Jorge,DSG1806,2,1AB,CONTEÚDOS ESTRUTURANTES: PROJETAR PARA RESSIGNIFICAR A PRÁTICA ,,,4,,,08-10,L 532,27 ART,Jorge Langone 2 ,6º
,,Jorge,DSG1806,2,1AC,CONTEÚDOS ESTRUTURANTES: PROJETAR PARA RESSIGNIFICAR A PRÁTICA ,,,4,,,08-10,L 658,27 ART,Priscila Andrade 2 Jorge Langone 0,6º
,,Bolshaw,DSG1811,4,1AA,ESTÚDIO: OLHAR INTRAMUROS,,,,5,,13-17,L 232,15 CAL ,Luiza Marcier 2 Claudio Werneck 0 Claudia Bolshaw 1  Palestra 1,1º
,,Bolshaw,DSG1811,4,1AB,ESTÚDIO: OLHAR INTRAMUROS,,,,5,,13-17,L 232,15 CAL ,Claudio Werneck 2   Luiza Marcier 0  Claudia Bolshaw 1  Palestra 1,1º
,,Bolshaw,DSG1811,4,1AC,ESTÚDIO: OLHAR INTRAMUROS,,,,5,,13-17,L 260,15 CAL ,Mario Seixas 2  Carlos André 0  Nathalia Cavalvante 1Claudia Bolshaw 0 Palestra 1,1º
,,Bolshaw,DSG1811,4,1AD,ESTÚDIO: OLHAR INTRAMUROS,,,,5,,13-17,L 260,15 CAL ,Carlos André 2 Mario Seixas 0 Nathalia Cavalcante 1 Claudia Bolshaw 0 Palestra 1,1º
,,Bolshaw,DSG1811,4,1AE,ESTÚDIO: OLHAR INTRAMUROS,,,,5,,13-17,L 532,13 ART/ 4 QQC,Flavia Nizia 2 Luiz Vicente 0 Barbara Cruz 1 Claudia Bolshaw 0 Palestra 1,1º
,,Bolshaw,DSG1811,4,1AF,ESTÚDIO: OLHAR INTRAMUROS,,,,5,,13-17,L 532,14 ART/ 3 QQC,Luis Vicente 2 Flavia Nizia 0 Barbara Cruz 1 Claudia Bolshaw 0 Palestra 1,1º
,,Bel,DSG1812,4,1AA,ESTÚDIO: OLHAR EXTRAMUROS,,3,,,,13-17,L 260,14 ART,Isabel Martins 3  Palestra 1,2º
,,Bel,DSG1812,4,1AB,ESTÚDIO: OLHAR EXTRAMUROS,,3,,,,13-17,L 260,14 ART,Rian Rezende 2 Mateu Velasco 2,2º
,,Bel,DSG1812,4,1AC,ESTÚDIO: OLHAR EXTRAMUROS,,3,,,,13-17,L 232,14 ART,Cristina Viana 3 Palestra 1,2º
,,Bel,DSG1812,4,1AD,ESTÚDIO: OLHAR EXTRAMUROS,,3,,,,13-17,L 232,14 ART,Augusto Seibel 2 Gabriela Gusmão 2,2º
,,Bel,DSG1812,4,1AE,ESTÚDIO: OLHAR EXTRAMUROS,,3,,,,13-17,L 422,14 ART,Gilberto Mendes 3 Palestra 1 ,2º
,,Bel,DSG1812,4,1AF,ESTÚDIO: OLHAR EXTRAMUROS,,3,,,,13-17,L 422,14 ART,Marcelo Pereira 2 Julieta 2,2º
,,Renata,DSG1813,6,1AA,PROJETO: PROJETAR EM PARCERIA,,,4,,,13-19,ART 4,18 ART ,Renata Mattos 4 Carlos André 0 Luis Vicente 0 Luciana Grether 0 Luciana Barbosa 1 Palestra 1,3º
,,Renata,DSG1813,6,1AB,PROJETO: PROJETAR EM PARCERIA,,,4,,,13-19,ART 4,18 ART ,Carlos André 4 Renata Mattos 0  Luis Vicente 0 Luciana Grether 0 Luciana Barbosa 1 Palestra 1,3º
,,Renata,DSG1813,6,1AC,PROJETO: PROJETAR EM PARCERIA ,,,4,,,13-19,ART 5,18 ART ,Luis Vicente 4 Luciana Grether 0 Renata Mattos 0  Carlos André 0 Luciana Barbosa 1 Palestra 1,3º
,,Renata,DSG1813,6,1AD,PROJETO: PROJETAR EM PARCERIA ,,,4,,,13-19,ART 5,18 ART ,Luciana Grether 4 Luis Vicente 0 Renata Mattos 0  Carlos André 0 Luciana Barbosa 1 Palestra 1,3º
,,Guilherme,DSG1814,6,1AA,PROJETO: PROJETAR EM SOCIEDADE,2,,4,,,10-13,ART 1,15 ART ,Guilherme Toledo 4 Felipe Rangel 0 Palestra 2,4º
,,Guilherme,DSG1814,6,1AB,PROJETO: PROJETAR EM SOCIEDADE,2,,4,,,10-13,ART 1,15 ART ,Felipe Rangel 4 Guilherme Toledo 0 Palestra 2,4º
,,Guilherme,DSG1814,6,1AC,PROJETO: PROJETAR EM SOCIEDADE,2,,4,,,10-13,ART 2,15 ART ,Claudia Kayat 4 Daniel Malaguti 0 Guilherme Toledo 0 Palestra 2,4º
,,Guilherme,DSG1814,6,1AD,PROJETO: PROJETAR EM SOCIEDADE,2,,4,,,10-13,ART 2,15 ART ,Daniel Malaguti 4 Claudia Kayat 0 Guilherme Toledo 0 Palestra 2,4º
,,Guilherme,DSG1814,6,1AE,PROJETO: PROJETAR EM SOCIEDADE,2,,4,,,10-13,ART 3,15 ART ,Monica Saddi 4 Romulo Matteoni 0 Guilherme Toledo 0 Palestra 2,4º
,,Guilherme,DSG1814,6,1AF,PROJETO: PROJETAR EM SOCIEDADE,2,,4,,,10-13,ART 3,15 ART ,Romulo Matteoni 4 Monica Saddi 0 Guilherme Toledo 0 Palestra 2,
,,Augusto,DSG1815,6,1AA,PROJETO: PROJETAR PARA CONCRETIZAR,2,,4,,,10-13,L 232,14 ART ,Augusto Seibel 4 Palestra 2,5º
,,Augusto,DSG1815,6,1AB,PROJETO: PROJETAR PARA CONCRETIZAR,2,,4,,,10-13,L 232,14 ART ,Claudio Werneck 4 Augusto Seibel 0 Palestra 2,5º
,,Augusto,DSG1815,6,1AC,PROJETO: PROJETAR PARA CONCRETIZAR,2,,4,,,10-13,L 260,14 ART ,Gilberto Mendes 4 Augusto Seibel 0 Palestra 2,5º
,,Luiza,DSG1816,6,1AA,PROJETO: PROJETAR PARA  RESSIGNIFICAR A  PRÁTICA ,2,,4,,,10-13,L 532,20 ART ,Luiza Marcier 4 Jorge Langone 0 Palestra 2,6º
,,Luiza,DSG1816,6,1AB,PROJETO: PROJETAR PARA  RESSIGNIFICAR A  PRÁTICA ,2,,4,,,10-13,L 532,20 ART ,Jorge Langone 4 Luiza Marcier 0 Palestra 2,6º
,,Luiza,DSG1816,6,1AC,PROJETO: PROJETAR PARA  RESSIGNIFICAR A  PRÁTICA ,2,,4,,,10-13,L 658,20 ART ,Luiz Ludwig 4 Gabriela Gusmão 0 Luiza Marcier 0 Palestra 2,6º
,,Luiza,DSG1816,6,1AC,PROJETO: PROJETAR PARA  RESSIGNIFICAR A  PRÁTICA ,2,,4,,,10-13,L 658,20 ART ,Gabriela Gusmão 4 Luiz Ludwig 0 Luiza Marcier 0 Palestra 2,6º
,,Luiza,DSG1821,2,1AA,HISTORIA E TEORIA DO DESIGN I,,3,,,,15-17,ART 2,20 CAL / 2 QQC,Irina Aragão,1º
,,Luiza,DSG1821,2,1AB,HISTÓRIA E TEORIA DO DESIGN I,,3,,,,11-13,L 260,20 CAL / 2 QQC,Luiza Marcier ,1º
,,Luiza,DSG1821,2,1AC,HISTORIA E TEORIA DO DESIGN I,,3,,,,17-19,ART 2,20 CAL / 2 QQC,Luiza Marcier ,1º
,,Luiza,DSG1821,2,1AD,HISTORIA E TEORIA DO DESIGN I,,3,,,,15-17,S/sala,27 ART,Flavia Nizia,1º
,,Luiza,DSG1822,2,1AA,HISTORIA DO DESIGN BRASILEIRO,,,,,6,13-15,VIRTUAL,28 ART,Joaquim Redig,2º
,,Luiza,DSG1822,2,1AB,HISTORIA DO DESIGN BRASILEIRO,,,,,6,11-13,VIRTUAL,28 ART,Irina Aragão,2º
,,Luiza,DSG1822,2,1AC,HISTORIA DO DESIGN BRASILEIRO,,,,,6,15-17,VIRTUAL,28 ART,Flavia Nizia,2º
,,Luiza,DSG1822,2,1AD,HISTORIA DO DESIGN BRASILEIRO,2,,,,,09-11,VIRTUAL,20 ART,Cristine Nogueira,2º
,,Luiza,DSG1823,2,1AA,HISTÓRIA E TEORIA DO DESIGN II,2,,,,,15-17,VIRTUAL,24 ART,Cristine Nogueira,3º
,,Luiza,DSG1823,2,1AB,HISTÓRIA E TEORIA DO DESIGN II,2,,,,,17-19,VIRTUAL,24 ART,Silvia Helena ,3º
,,Luiza,DSG1823,2,1AC,HISTÓRIA E TEORIA DO DESIGN II,2,,,,,17-19,VIRTUAL,24 ART,Jorge Langone,3º
,,Luiza,DSG1824,2,1AA,TEORIA DO OBJETO,,,,,6,09-11,VIRTUAL,22 ART,João Victor ,5º
,,Luiza,DSG1824,2,1AB,TEORIA DO OBJETO,,,,,6,09-11,VIRTUAL,22 ART,Irina Aragão,5º
,,Luiza,DSG1824,2,1AC,TEORIA DO OBJETO,,,,,6,13-15,VIRTUAL,22 ART,Irina Aragão,5º
,,Luiza,DSG1825,2,1AA,HISTÓRIA DA ARTE,,,,,6,11-13,VIRTUAL,22 ART,Jorge Langone,5º
,,Luiza,DSG1825,2,1AB,HISTÓRIA DA ARTE,,,,,6,11-13,VIRTUAL,22 ART,Luiza Interlenghi,5º
,,Jorge,DSG1826,2,1AA,QUESTÕES EM ÊNFASE,2,,,,,08-10,L 658,23 ART,Horista a contratar,6º
,,Jorge,DSG1826,2,1AB,QUESTÕES EM ÊNFASE,2,,,,,08-10,L 232,23 ART ,Horista a contratar,6º
,,Jorge,DSG1826,2,1AC,QUESTÕES EM ÊNFASE,2,,,,,08-10,L 260,23 ART,Horista a contratar,6º
Dar equivlência para DSG1531 avisar a Artes C~enicas,,Luiza,DSG1832,2,1AA,HISTÓRIA DA INDUMENTÁRIA,,3,,,,09-11,VIRTUAL,13 MOD /10 ACN/ 2 QQC,Silvia Helena  aguardando autorização CCG equivalência,
,,Bebel,DSG1841,4,1AA,LINGUAGEM E COMUNICAÇÃO NO DESIGN,2,,4,,,15-17,L 422,20 CAL / 2 QQC,Evelyn Grumach,1º
,,Bebel,DSG1841,4,1AB,LINGUAGEM E COMUNICAÇÃO NO DESIGN,2,,4,,,13-15,F 100,20 CAL / 2 QQC,Julieta Sobral ,1º
,,Bebel,DSG1841,4,1AC,LINGUAGEM E COMUNICAÇÃO NO DESIGN,2,,4,,,13-15,L 232,27 ART,Romulo Matteoni,1º
,,Bebel,DSG1841,4,1AD,LINGUAGEM E COMUNICAÇÃO NO DESIGN,2,,4,,,13-15,L 532,20 CAL / 2 QQC,Suzana Valladares,1º
,,João,DSG1842,4,1AA,IMAGEM FOTOGRÁFICA E IMAGEM AUDIOVISUAL,2,,4,,,11-13,K 015,20 CAL,Alexandre Cantini 2 Flavio Carvalho 2,1º
,,João,DSG1842,4,1AB,IMAGEM FOTOGRÁFICA E IMAGEM AUDIOVISUAL,2,,4,,,13-15,K 015,20 CAL,Lula Rocha 2 Flavio Carvalho 2                                                    ,1º
,,João,DSG1842,4,1AC,IMAGEM FOTOGRÁFICA E IMAGEM AUDIOVISUAL,2,,4,,,15-17,K 015,20 CAL,Flavio Carvalho 2 Alexandre Cantini 2,1º
,,João,DSG1842,4,1AD,IMAGEM FOTOGRÁFICA E IMAGEM AUDIOVISUAL,2,,4,,,11-13,F 100,20 ART,Eliane Garcia 2 Lula Rocha 2,1º
,,Bebel,DSG1843,2,1AA,LINGUAGEM GRÁFICA ,,,,5,,17-19,L 532,20 CAL / 2 QQC,Guto Lins ,1º
,,Bebel,DSG1843,2,1AB,LINGUAGEM GRÁFICA ,,,,5,,17-19,L 232,20 CAL / 2 QQC,Horista a contratar,1º
,,Bebel,DSG1843,2,1AC,LINGUAGEM GRÁFICA ,,,,5,,17-19,L 260,20 CAL / 2 QQC,Priscila Andrade ,1º
,,Bebel,DSG1843,2,1AD,LINGUAGEM GRÁFICA ,,,,5,,17-19,L 658,27 ART,André Beltrão,1º
Animação,,João,DSG1844,2,1AA,DESENHO DE OBSERVAÇÃO,,3,,,,17-19,L260,20 CAL / 2 QQC,Nathalia Cavalcante ,1º
Animação,,João,DSG1844,2,1AB,DESENHO DE OBSERVAÇÃO,,3,,,,15-17,ART 5,20 CAL / 2 QQC,Luciana Barbosa ,1º
Animação,,João,DSG1844,2,1AC,DESENHO DE OBSERVAÇÃO,,3,,,,15-17,ART 1,20 CAL / 2 QQC,Carlos André,1º
,,João,DSG1844,2,1AD,DESENHO DE OBSERVAÇÃO,,3,,,,17-19,ART 1,27 ART,Carlos André,1º
,,Bebel,DSG1845,3,1AA,"LINGUAGEM, COMUNICAÇÃO E DISCURSO NO DESIGN I",,,,5,,15-18,L 422,28 ART,Romulo Matteoni,2º
,,Bebel,DSG1845,3,1AB,"LINGUAGEM, COMUNICAÇÃO E DISCURSO NO DESIGN I",,,,5,,15-18,ART 1,28 ART,Izabel Oliveira ,2º
,,Bebel,DSG1845,3,1AC,"LINGUAGEM, COMUNICAÇÃO E DISCURSO NO DESIGN I",,,,5,,15-18,ART 2,28 ART,Maria Julia,2º
,,Bebel,DSG1846,2,1AA,GEOMETRIA NO DESIGN,,,4,,,15-17,L 658 verificar se é quadro de giz,21 ART,Celso Wilmer,2º
,,Bebel,DSG1846,2,1AB,GEOMETRIA NO DESIGN,,,4,,,17-19,ART 3,21 ART,Alessandra Carusi,2º
,,Bebel,DSG1846,2,1AC,GEOMETRIA NO DESIGN,,,4,,,15-17,ART 3,21 ART,Alessandra Carusi,2º
,,Bebel,DSG1846,2,1AD,GEOMETRIA NO DESIGN,,,,5,,15-17,ART 3,21 ART,Alessandra Carusi,2º
,,João,DSG1847,4,1AA,DESENHO DE CONCEPÇÃO,2,,4,,,13-15,L 658,28 ART,Mateu Velasco,2º
,,João,DSG1847,4,1AB,DESENHO DE CONCEPÇÃO,2,,4,,,13-15,ART 1,28 ART,Nathalia Cavalcante,2º
,,João,DSG1847,4,1AC,DESENHO DE CONCEPÇÃO,2,,4,,,13-15,ART 2,28 ART,Guto Lins,2º
,,Bebel,DSG1848,3,1AA,PLÁSTICA,2,,,,,15-18,L 232,28 ART,Gabriela Gusmão,2º
,,Bebel,DSG1848,3,1AB,PLÁSTICA,2,,,,,15-18,L 260,28 ART,Carlos André,2º
,,Bebel,DSG1848,3,1AC,PLÁSTICA,2,,,,,15-18,ART 5,28 ART,Mateu Velasco,2º
,,Bebel,DSG1848,3,1AD,PLÁSTICA,,,4,,,11-14,K 017,20 ART,Carlos Eduardo Felix,2º
,,Bebel,DSG1849,4,1AA,O CORPO HUMANO COMO QUESTÃO EM DESIGN,,3,,,6,15-17,L 532,20 ART ,Denise Portinari 2 Palestra 2 ,3º
,,Bebel,DSG1849,4,1AB,O CORPO HUMANO COMO QUESTÃO EM DESIGN,,3,,,6,15-17,ART 4,20 ART ,Nathalia Cavalcante 2 Palestra  2  ,3º
,,Bebel,DSG1849,4,1AC,O CORPO HUMANO COMO QUESTÃO EM DESIGN,,3,,,6,15-17,L 658,20 ART ,Luiza Marcier 2 Dani Lima 1 Palestra 1,3º
,,Bebel,DSG1850,2,1AA,"LINGUAGEM, COMUNICAÇÃO E DISCURSO NO DESIGN II",,,,,6,13-15,ART 3,24 ART,Maria Julia ,3º
,,Bebel,DSG1850,2,1AB,"LINGUAGEM, COMUNICAÇÃO E DISCURSO NO DESIGN II",,,,,6,17-19,L 260,24 ART,Simone Formiga ,3º
,,Bebel,DSG1850,2,1AC,"LINGUAGEM, COMUNICAÇÃO E DISCURSO NO DESIGN II",,,,,6,13-15,ART 2 ,24 ART,Priscila Andrade,3º
,,Bebel,DSG1851,2,1AA,GEOMETRIA DESCRITIVA,,,,,6,13-15,ART 1,20 ART,Alessandra Carusi,3º
,,Bebel,DSG1851,2,1AB,GEOMETRIA DESCRITIVA,,3,,,,17-19,L 422,20 ART,Leonidas Moraes,3º
,,Bebel,DSG1851,2,1AC,GEOMETRIA DESCRITIVA,,,,5,,17-19,ART 3,20 ART,Alessandra Carusi,3º
,,Bebel,DSG1851,2,1AD,GEOMETRIA DESCRITIVA,,,,5,,17-19,L 532,20 ART,Leonidas Moraes,3º
,,Bebel,DSG1852,2,1AA,FUNDAMENTOS EM ERGODESIGN,,,,,6,11-13,VIRTUAL,33 ART,Claudia Vianna,4º
,,Bebel,DSG1852,2,1AB,FUNDAMENTOS EM ERGODESIGN,,,,,6,11-13,VIRTUAL,33 ART,Claudia Stamato ,4º 
,,Bebel,DSG1852,2,1AC,FUNDAMENTOS EM ERGODESIGN,,,,,6,09-11,VIRTUAL,33 ART,Isabela Mota ,4º 
,,Bebel,DSG1853,2,1AA,DESENHO TÉCNICO,2,,,,,13-15,L 260 verificar se é quadro de giz,22 ART,Celso Wilmer ,4º
,,Bebel,DSG1853,2,1AB,DESENHO TÉCNICO,2,,,,,13-15,L 422,22 ART,Leonidas Moraes,4º
,,Bebel,DSG1853,2,1AC,DESENHO TÉCNICO,,,4,,,13-15,ART 3,22 ART,Marco Antônio ,4º
,,Bebel,DSG1853,2,1AD,DESENHO TÉCNICO,,,4,,,13-15,L 260,22 ART,Alessandra Carusi ,4º
,,Bebel,DSG1854,4,1AA,LINGUAGEM E ESTRUTURAS,2,,4,,,08-10,ART 1,22 ART,Augusto Seibel 2 Rian Rezende  2,4º
,,Bebel,DSG1854,4,1AB,LINGUAGEM E ESTRUTURAS ,2,,4,,,08-10,ART 2,22 ART,Barbara Cruz 2  Fábio Lopez 2,4º
,,Bebel,DSG1854,4,1AC,LINGUAGEM E ESTRUTURAS ,2,,4,,,08-10,ART 3,22 ART,Fábio Lopez 2  Rian Rezende 2 ,4º
,,Bebel,DSG1854,4,1AD,LINGUAGEM E ESTRUTURAS ,2,,4,,,08-10,ART 5,22 ART,Daniel Malaguti 2 Rian Rezende 2 rever Rian,4º
,,Bebel,DSG1855,3,1AA,"LINGUAGEM, COMUNICAÇÃO E DISCURSO NO DESIGN III",,3,,,,10-13,ART 4,22 ART,Rian Rezende,5º
,,Bebel,DSG1855,3,1AB,"LINGUAGEM, COMUNICAÇÃO E DISCURSO NO DESIGN III",,3,,,,10-13,ART 5,22 ART,Claudia Bolshaw,5º
,,Bebel,DSG1856,2,1AA,BIONICA,,,,5,,08-10,L 260,22 ART,Evelyn Grumach,5º
,,Bebel,DSG1856,2,1AB,BIONICA,,3,,,,08-10,ART 5,22 ART,João Victor,5º
,,Bebel,DSG1857,2,1AA,ERGODESIGN,,3,,,,09-11,L 120,17 ART,Claudia Stamato ,6º
,,Bebel,DSG1857,2,1AB,ERGODESIGN,,3,,,,07-09,ART 3,17 ART,Isabela Mota ,6º
,,Bebel,DSG1857,2,1AC,ERGODESIGN,,3,,,,11-13,L 232,17 ART,Claudia Vianna,6º
,,João,DSG1861,2,1AA,PRÁTICAS EXPERIMENTAIS I,,,,5,,15-17 ,ART 4,18 ART ,Gabriella Vaccari 2 Guilherme Xavier 0,3º
,,João,DSG1861,2,1AB,PRÁTICAS EXPERIMENTAIS I,,,,5,,15-17 ,ART 4,18 ART ,Guilherme Xavier 2 Gabriella Vaccari 0,3º
,,João,DSG1861,2,1AC,PRÁTICAS EXPERIMENTAIS I,,,,5,,15-17 ,ART 5,18 ART ,Gilberto Mendes 2 André Beltrão 0,3º
,,João,DSG1861,2,1AD,PRÁTICAS EXPERIMENTAIS I,,,,5,,15-17 ,ART 5,18 ART ,André Beltrão 2 Gilberto Mendas 0,3º
,,João,DSG1862,2,1AA,PRÁTICAS EXPERIMENTAIS II,,3,,,,11-13,LIFE,20 ART,João Bonelli,4º
,,João,DSG1862,2,1AB,PRÁTICAS EXPERIMENTAIS II,,,,5,,11-13,LIFE,20 ART  ,Guilherme Xavier,4º
,,João,DSG1862,2,1AC,PRÁTICAS EXPERIMENTAIS II,,,,5,,11-13,K 015,20 ART,Joy Till,4º
,,João,DSG1862,2,1AD,PRÁTICAS EXPERIMENTAIS II,,3,,,,11-13,K 015,20 ART,Flavio Carvalho ,4º
,,João,DSG1863,4,1AA,PRÁTICAS EXPERIMENTAIS III,2,,4,,,08-10,LIFE ,15 ART,João Bonelli,5º
,,João,DSG1863,4,1AB,PRÁTICAS EXPERIMENTAIS III,2,,4,,,08-10,K 015,15 ART,Luiz Ludwig,5º
,,João,DSG1863,4,1AC,PRÁTICAS EXPERIMENTAIS III,2,,4,,,08-10,LAIA,15 ART,Luiza Marcier,5º
,,João,DSG1864,4,1AA,PRÁTICAS EXPERIMENTAIS IV,,3,,5,,13-15,K 008,20 ART,Mario Seixas,3º/4º Optativas Práticas Experimentais
,,João,DSG1865,4,1AA,PRÁTICAS EXPERIMENTAIS V,,3,,5,,13-15,LAB MOD,20 ART,Luciana Barbosa,3º/4º Optativas Práticas Experimentais
,,João,DSG1866,2,1AA,PRÁTICAS EXPERIMENTAIS VI,,,,5,,07-09,K 015,20 ART,Helena Cavalcanti,4º Optativas Práticas Experimentais
,,João,DSG1867,2,1AA,PRÁTICAS EXPERIMENTAIS VII,,,,5,,09-11,LAB MOD,20 ART,Maria Eloisa,4º Optativas Práticas Experimentais
,,Eliane,DSG1900,4,1AA,PROJETO INTERDISCIPLINAR DE ÊNFASE,2,,,,,07-11,L 422,14 ART,Horista a contratar,7º
,,Eliane,DSG1900,4,1AB,PROJETO INTERDISCIPLINAR DE ÊNFASE,2,,,,,07-11,L 422,14 ART,Horista a contratar,
,,Felipe,DSG1901,2,1AA,ESTÁGIO ,,,,,6,07-09,L 422,30 ART ,Gilberto Mendes,7º
,,Felipe,DSG1901,2,1AB,ESTÁGIO ,,,,,6,09-11,IAG 3,30 ART ,Monica Saddi,7º
,,Felipe,DSG1901,2,1AC,ESTÁGIO ,2,,,,,11-13,S/sala pode ser cadeira de braço,30 ART ,Leonardo Cardarelli,7º
,,Eliane,DSG1902,2,1AA,DOCUMENTAÇÃO DE PROJETO PARA TCC EM DESIGN,,,,5,,09-11,VIRTUAL,27 ART,Izabel Oliveira  ,7º
,,Bebel,DSG1910,3,1AA,ANTEPROJETO FINAL COMUN/ARTE,,,4,,,08-11,VIRTUAL,27 ART,,7º
,,Bel,DSG1911,3,1AA,ANTEPROJETO FINAL CORPO E MODA,,,4,,,08-11,VIRTUAL,,,7º
,,Felipe,DSG1912,3,1AA,ANTEPROJETO FINAL ESTRA-GESTAO,,,4,,,08-11,VIRTUAL,,,7º
,,João,DSG1913,3,1AA,ANTEPROJETO FINAL EXP/DIGITAL,,,4,,,08-11,VIRTUAL,,,7º
,,Kayat,DSG1914,3,1AA,ANTEPROJETO FINAL PROD INOVACA,,,4,,,08-11,VIRTUAL,,,7º
,,Daniel,DSG1915,3,1AA,ANTEPROJETO FINAL SUSTENTABILI,,,4,,,08-11,VIRTUAL,,,7º
,,Bebel,DSG1920,8,1AA,PROJ FINAL COMUNICACAO E ARTE,,,4,,6,09-13,VIRTUAL/L 260,2 ART,Izabel Oliveira 4,8º
,,Bel,DSG1921,8,1AA,PROJ FINAL CORPO E MODA,,,4,,6,09-13,VIRTUAL/LAB MOD,2 ART,Isabel Martins 4,8º
,5 ênfases,Eliane,DSG1930,4,1AA,MATERIAIS SUSTENTÁVEIS E PROCESSOS CIRCULARES,,,,,6,09-13,ART 5,10 ART/10 QQC,Daniel Malaguti ,"Optativa de Ênfase EPI, ESA, ECM, EEG, EID"
,6 ênfases,Eliane,DSG1931,4,1AA,EMPREENDEDORISMO EM DESIGN,2,,,,,13-17,ART 3,25 ART ,Guilherme Toledo,"Optativa de Ênfase EPI, ESA, ECA, ECM, EEG, EID"
,5 ênfases,Eliane,DSG1932,4,1AA,"PROSPECÇÃO, ESCASSEZ E INCERTEZA",2,,4,,,09-11,S/sala,20 ART ,Carlos Eduardo Felix,"Optativa de Ênfase EPI, ESA, ECA, ECM, EEG"
,1 ênfase,Kayat,DSG1945,2,1AA,PROCESSOS DE MANUFATURA,,,,,6,07-09,K 008,20 ART,"Guilherme Lorenzoni 
 ",Optativa de Ênfase EPI
,1 ênfase,Bel,DSG1946,4,1AA,MODA E O CORPO CONTEMPORANEO,2,,4,,,13-15,LAB MOD,20 ART,Luiza Marcier 2 Walvyker 2 ,Optativa de Ênfase ECM
,1 ênfase,Bel,DSG1947,4,1AA,CONSTRUÇÕES TEXTEIS E O CORPO CULTURAL,,3,,5,,11-13,K017,20 ART,Isabel Martins,Optativa de Ênfase ECM
,1 ênfase,Bel,DSG1948,2,1AA,CARTOGRAFIAS ,,3,,,,13-15,K017,20 ART,Priscila Andrade ,Optativa de Ênfase ECM
,1 ênfase,Bel,DSG1949,2,1AA,OBJETO ROUPA,,,,5,,11-13,LAB MOD,20 ART,Maria Eloisa,Optativa de Ênfase ECM
,2 ênfases,Eliane,DSG1951,4,1AA,DESIGN ESPECULATIVO: CENÁRIOS FUTÚROS ,,3,,5,,13-15,ART 5/ VIRTUAL,20 ART,"Carlo Franzato - abriu 2023.1, Felipe perguntará se intercala com a Design Estratégico","Optativa de Ênfase EEG, EPI"
,2 ênfases,Eliane,DSG1952,4,1AA,DESIGN E NARRATIVA ,,,,,6,07-11,L658,20 ART ,Rian Rezende ,"Optativa de Ênfase ECA, EID"
,1 ênfase,João,DSG1953,2,1AA,CONECTIVIDADE E INTERATIVIDADE NAS ARTES E NO DESIGN,2,,,,,13-15,IAG 3,20 ART ,Luiz Ludwig ,Optativa de Ênfase EID
,,Felipe,DSG1956,2,1AA,UX/INTERACAO HUMANO-TECNOLOGIA,,,,,,09-11,VIRTUAL,20 ART ,Manuela Quaresma ,
,1 ênfase,João,DSG1957,2,1AA,DESIGN E INTELIGENCIA ARTIFICIAL,,,,5,,09-11,ART 3,15 ART/ 5 QQC,Marcelo Pereira ,Optativa de Ênfase EID
,1 ênfase,Bebel,DSG1958,4,1AA,MULTIMODALIDADE E MULTISENSORIALIDADE NAS ARTES E DESIGN,,3,,5,,13-15 ,ART 5/L 422,20 ART ,Julieta Sobral,Optativa de Ênfase ECA
,1 ênfase,João,DSG1966,3,1AA,REALIDADES DIGITAIS,,3,,,,13-16,LIFE,12 ART ,Jorge Lopes,Optativa de Ênfase EID
,2 ênfases,Eliane,DSG1972,2,1AA,LABORATÓRIO DO LÚDICO NOS PROCESSOS COMUNICACIONAIS,2,,,,,11-13,S/sala,20 QQC,Luis Vicente ,"Optativa de Oficina de Ênfase ECA,ESA"
,4 ênfases,Eliane,DSG1974,2,1AA,BIOMIMÉTICA ,,,,5,,11-13,ART 5,11 ART / 5 QQC ,João Victor,"Optativa de Oficina de Ênfase EPI, EID,EEG,ESA"
,1 ênfase,Kayat,DSG1975,2,1AA,LABORATÓRIO EXPLORAÇÃO EXPERIMENTAL PARA INOVAÇÃO,,,4,,,13-15,K 008,10 ART / 5 QQC,Claudio Magalhães ,Optativa de Oficina de Ênfase EPI
,1 ênfase,Kayat,DSG1977,2,1AA,DESIGN DE EMBALAGEM ,,3,,,,11-13,K 008,20 ART,Claudia Kayat ,Optativa de Oficina de Ênfase EPI
,1 ênfase,Kayat,DSG1978 ,2,1AA,MOBILIARIO,,,,5,,11-13,K008,20 ART ,Leonardo Lattavo (Arq),Optativa de Oficina de Ênfase EPI
,1 ênfase,Bel,DSG1985,2,1AA,ACESSÓRIO DE MODA E EXTENSÕES DO CORPO,2,,,,,08-10,LAB MOD ,20 ART ,Joana Pessoa,Optativa de Oficina de Ênfase ECM
,1 ênfase,Bel,DSG1986,4,1AA,CONSTRUÇÃO DO VESTUÁRIO AVANÇADA,,,4,,6,11-13,LAB MOD ,20 ART ,Walvyker Souza,Optativa de Oficina de Ênfase ECM
,,,DSG1987,2,1AA,PROTOTIPAGEM - DESIGN DE SERVIÇO,,,,,6,13-15,K 08,20 ART,Gabriella Vaccari,
,1 ênfase,João,DSG1988,2,1AA,PROTOTIPAGEM E SIMULAÇÃO DIGITAL,,,,5,,13-15,LIFE,18 ART ,Leonardo Cardarelli ,Optativa de Oficina de Ênfase EID
,1 ênfase,João,DSG1990,2,1AA,JOGOS DIGITAIS,,,,5,,08-11,LIFE,18 ART,Guilherme Xavier ,Optativa de Oficina de Ênfase EID
,1 ênfase,João,DSG1999,3,1AA,CRIAÇÃO E TRAT. DA IMAGEM,,,,5,,15-18,K 015 ,15 ART / 5 QQC,Lula Rocha ,Optativa de Desenho de Ênfase
,1 ênfase,João,DSG1999,3,1AB,CRIAÇÃO E TRAT. DA IMAGEM (em inglês),,,,,6,11-14,K 015 ,10 QQC /10 CCCI,Lula Rocha ,Optativa de Desenho de Ênfase
,,Eliane,EMP1200,2,8AA,EMPREENDEDORISMO,,,,5,,11-13,VIRTUAL,30 ART,SYLVIA T. MORAES,8º
,,Eliane,EMP1200,2,8AB,EMPREENDEDORISMO,,,4,,,07-09,VIRTUAL,30 ART,LUIS FELIPE CARVALHO,8º
,,Eliane,EMP1200,2,8AC,EMPREENDEDORISMO,2,,,,,09-11,VIRTUAL,30 ART,SYLVIA T. MORAES,8º
,,Eliane,FIL1815 ,4,1AA,ESTÉTICA,2,,4,,,07-09,IAG 3/L232,30 ART,Horista a contratar ,8º
,,Eliane,FIL1815 ,4,1AB,ESTÉTICA,,,4,,6,07-09,IAG 3,30 ART,Horista a contratar ,8º
,,Eliane,FIS1130,2,3AA,FÍSICA,,,,5,,09-11,L 358,26 ART ,Horista a contratar ,4º para DIG/ 5º para CV e PP/ 6º para MOD 
,,Eliane,INF1030,3,3AA,CONCEITOS DE INFORMÁTICA,,,,5,,08-11,VIRTUAL,16 DIG,Jan Krueger Siqueira,6º para DIG
,,Eliane,INF1030,3,3AB,CONCEITOS DE INFORMÁTICA,,,4,,,11-14,VIRTUAL,16 DIG,Claudia Ferlin,6º para DIG
,,Eliane,JUR1809,2,2AA,DIREITO DO AUTOR,,,,,6,09-11,VIRTUAL,30 ART,Horista a contratar ,"7º para DIG, CV e PP/ 8º para MOD"
,,Eliane,JUR1809,2,2AB,DIREITO DO AUTOR,2,,,,,09-11,VIRTUAL,30 ART,Horista a contratar ,"7º para DIG, CV e PP/ 8º para MOD"
,,Eliane,LET1910,4,1AA,ANALISE PRODUÇÃO TEXTO ACADÊMICO,2,,4,,,15-17,ART 1,20 CAL / 2 QQC,Horista a contratar ,1º
,,Eliane,LET1910,4,1AB,ANALISE PRODUÇÃO TEXTO ACADÊMICO,2,,4,,,17-19,ART 2 ,20 CAL / 2 QQC,Horista a contratar ,1º
,,Eliane,LET1910,4,1AC,ANALISE PRODUÇÃO TEXTO ACADÊMICO,2,,4,,,17-19,ART 1,20 CAL / 2 QQC,Horista a contratar ,1º
,,Eliane,LET1910,4,1AD,ANALISE PRODUÇÃO TEXTO ACADÊMICO,2,,4,,,15-17,ART 2 ,27 ART,Horista a contratar ,1º