Domínio,,,CÓDIGO,CRÉDITO,TURMA,DISCIPLINA,2,3,4,5,6,HORA,SALA,VAGAS 2021.2,PROFESSOR,,PERÍODIZAÇÃO
Animação,,,ART 1050,3,1AA,DESENHO DE OBSERVAÇÃO,,,,,6,11-14,ART 4,20 QQC,Carlos André ,mudou professor,1º
OBS,,,ART 1053,2,1AA,DESENHO DE MODELO VIVO,2,,,,,15-17,ART 3,20 CDI,Luciana Grether,,2º Optativas de desenho
,,,ART 1056,2,1AA,HISTÓRIA DA ARTE II,,,4,,,13-15,VIRTUAL,22 CDI / 3 QQC,Jorge Langone,,2º/3º/5º/6º/7º para CV e DIG - 2º/3º/4º/6º/8º para MOD - 2º/3º/4º/5º/7º para PP optativa historia da arte e do design 
,,,ART 1056,2,1AB,HISTÓRIA DA ARTE II,,,,5,,07-09,VIRTUAL,22 CDI / 3 QQC,Luiza Interlenghi,,2º/3º/5º/6º/7º para CV e DIG - 2º/3º/4º/6º/8º para MOD - 2º/3º/4º/5º/7º para PP optativa historia da arte e do design 
,,,ART 1116,3,1AA,LINGUAGEM DA  ILUSTRAÇÃO,,,,,6,07-10,ART 4,10 BCV/ 3 QQC/ 7CDI,Nathalia Cavalcante,,6º CV optativa representação em comunicação visual
,,,ART 1420,4,1AA,CULTURA MODERNA/CONTEMPORANEA,2,,4,,,09-11,VIRTUAL,25 CDI / 2 QQC,Barbara Necyk,,2º/3º/5º/6º/7º para CV e DIG - 2º/3º/4º/6º/8º para MOD - 2º/3º/4º/5º/7º para PP optativa historia da arte e do design
,,,ART 1420,4,1AB,CULTURA MODERNA/CONTEMPORANEA,2,,4,,,11-13,VIRTUAL,25 CDI / 2 QQC,Jorge Langone,,2º/3º/5º/6º/7º para CV e DIG - 2º/3º/4º/6º/8º para MOD - 2º/3º/4º/5º/7º para PP optativa historia da arte e do design
Animação,,,ART 1839,4,1AA,TEA X - DESIGN DE HISTÓRIAS: TEORIA E TECNICA DE NARRATIVAS ,,3,,5,,13-15,VIRTUAL,10 CDI / 10 QQC,Miguel Carvalho,,Optativa Midia Digital
,,,ART 1857,4,1AA,MADEIRA (Bambu),2,,,,,09-13,ART 4,20 QQC,Luis Vicente,,Eletiva 
,,,ART 1858,4,1AA,INTRODUÇÃO À PESQUISA,,,,,,SHF,VIRTUAL,25 QQC,Jackeline Farbiarz 3 / Claudia Bolshaw 1 ,,Eletiva 
,,,COM 1720,2,2AA,"COMUNICAÇÃO, CULTURA E CONSUMO",,,,,6,07-09,VIRTUAL,30 CDI,,,"4º para CV, DIG e MOD e 6º para PP"
,,,COM 1720,2,2AB,"COMUNICAÇÃO, CULTURA E CONSUMO",,,,,6,09-11,VIRTUAL,30 CDI,,,"4º para CV, DIG e MOD e 6º para PP"
,,,COM 1720,2,2AC,"COMUNICAÇÃO, CULTURA E CONSUMO",,,,5,,07-09,VIRTUAL,30 CDI,,,"4º para CV, DIG e MOD e 6º para PP"
,,,COM 1721,2,2AA,SEMIOLOGIA E COMUNICAÇÃO,,,4,,,15-17,VIRTUAL,30 CDI,,,2º
,,,DSG 1006,10,1AA,PROJ AVAN - USO E IMPAC SOCIOAMBIENTAIS,2,,4,,,07-13/07-11,ART2,12 CDI,João Victor 3 Fábio Lopez 1 Daniel Malaguti 0 Barbara Castro 0 Flavia Nizia 1 Flavio Carvalho 1 Luciana Barbosa 0 Fabiana Prado 0 Renata Mattos 0 Luciana Grether 2 Priscila 1,,4º/5º/6º
,,,DSG 1006,10,1AB,PROJ AVAN - USO E IMPAC SOCIOAMBIENTAIS,2,,4,,,07-13/07-11,ART 2,12 CDI,João Victor 2 Fábio Lopez 0 Daniel Malaguti 0 Barbara Castro 0 Flavia Nizia 1 Flavio Carvalho 1 Luciana Barbosa 1 Renata Mattos 0 Fabiana Prado 2 Luciana Grether 2 Priscila 0,,4º/5º/6º
,,,DSG 1006,10,1AC,PROJ AVAN - USO E IMPAC SOCIOAMBIENTAIS,2,,4,,,07-13/07-11,ART 3,24 CDI,Barbara Castro 5 Fábio Lopez 0 Daniel Malaguti 0 Flavia Nizia 1 Flavio Carvalho 1 Luciana Barbosa 0 Renata Mattos 1 Fabiana Prado 1 Luciana Grether 0 Priscila 0,,4º/5º/6º
,,,DSG 1006,10,1AD,PROJ AVAN - USO E IMPAC SOCIOAMBIENTAIS,2,,4,,,07-13/07-11,ART 5,12 CDI,Daniel Malaguti 3 Fábio Lopez 1 Barbara Castro 0 Flavia Nizia 1 Flavio Carvalho 0 Luciana Barbosa 2 Renata Mattos 0 Fabiana Prado 0 Luciana Grether 0 Priscila 2,,4º/5º/6º
,,,DSG 1006,10,1AE,PROJ AVAN - USO E IMPAC SOCIOAMBIENTAIS,2,,4,,,07-13/07-11,ART 5,12 CDI,Daniel Malaguti 3 Fábio Lopez 2 Barbara Castro 0 Flavia Nizia 0 Flavio Carvalho 1 Luciana Barbosa 1 Renata Mattos 0 Fabiana Prado 1 Luciana Grether 0 Priscila 1,,4º/5º/6º
,,,DSG 1030,2,1AA,ANTEPROJETO ESPECÍFICO CV,,3,,,,11-13,VIRTUAL,11 BCV,Rita Couto  2 Izabel Oliveira 0,,7º para CV
,,,DSG 1030,2,1AB,ANTEPROJETO ESPECÍFICO CV,,3,,,,11-13,VIRTUAL,11 BCV,Izabel Oliveira 2,,7º para CV
,,,DSG 1030,2,1AC,ANTEPROJETO ESPECÍFICO CV,,3,,,,11-13,VIRTUAL,11 BCV,Horista a contratar,,7º para CV
,,,DSG 1030,2,1AD,ANTEPROJETO ESPECÍFICO CV,,3,,,,11-13,VIRTUAL,11 BCV,Flavia Nizia 2 Izabel Oliveira 0,,7º para CV
,,,DSG 1031,10,1AA,PROJETO ESPECIFICO CV,,3,,5,,07-11/07-13,VIRTUAL/L 232,13 BCV,André Beltrao 5 Izabel Oliveira 0  Julieta Sobral 3 Gabriela Gusmão 2,,7º para CV
,,,DSG 1031,10,1AB,PROJETO ESPECIFICO CV,,3,,5,,07-11/07-13,VIRTUAL/L 232,13 BCV,"Suzana Valladares 5, Izabel Oliveira 0, Fabiana Prado 2, Evelyn Grumach 3",,7º para CV
,,,DSG 1031,10,1AC,PROJETO ESPECIFICO CV,,3,,5,,07-11/07-13,VIRTUAL/L 260,13 BCV,Julieta Sobral 5 Izabel Oliveira 0 Gabriela Gusmão 3 Guto Lins 2,,7º para CV
,,,DSG 1032,10,1AA,PROJETO FINAL CV,,3,,,6,07-11/07-13,L 232,13 BCV,Roberta Portas 5 Izabel Oliveira 0  Fábio Lopez 0 Mª de Fátima 2 Julieta Sobral 2 Evelyn Grumach 1 Clarissa Biolchini 0 Suzana Valladares 0 Luiz Ludwig 0,,8º para CV 
,,,DSG 1032,10,1AB,PROJETO FINAL CV,,3,,,6,07-11/07-13,L 232,13 BCV,Izabel Oliveira 5 Roberta Portas 0 Luiz Ludwig 2 Fábio Lopez 0 Mª de Fátima 1 Evelyn Grumach 0  Suzana Valladares 2 Julieta Sobral 0 Clarissa Biolchini 0 ,,8º para CV 
,,,DSG 1032,10,1AC,PROJETO FINAL CV,,3,,,6,07-11/07-13,L 260,13 BCV,Fábio Lopez 5 Roberta Portas 0 Izabel Oliveira 0  Luiz Ludwig 1 Mª de Fátima 0 Evelyn Grumach 1 Julieta Sobral 0 Clarissa Biolchini 3 Suzana Valladares 0 ,,8º para CV 
,,,DSG 1041,10,1AA,PROJETO ESPECIFICO DIG,,3,,5,,07-13/07-11,L 422/VIRTUAL,15 DIG,Mª das Graças 5 João Bonelli 1 Eliane Garcia 0  0 Marcelo Pereira 1 Guilherme Xavier 1 Joy Till 1 Claudia Bolshaw 1,,7º para DIG
,,,DSG 1041,10,1AB,PROJETO ESPECIFICO DIG,,3,,5,,07-13/07-11,L 422/VIRTUAL,15 DIG,Eliane Garcia 5 João Bonelli 1 Mª das Graças 0 Marcelo Pereira 1 Guilherme Xavier 1 Joy Till 1 Claudia Bolshaw 1,,7º para DIG
,,,DSG 1042,10,1AA,PROJETO FINAL DIG,,3,,,6,07-11/07-13,L 532,13 DIG,João Bonelli 3 Marcelo Pereira 0 Mª das Graças 0 Eliane Garcia 1 Guilherme Xavier 1 Claudia Bolshaw 2 Joy Till 1 Rian Rezende 2 Alexandre Cantini 0,,8º para DIG
,,,DSG 1042,10,1AB,PROJETO FINAL DIG,,3,,,6,07-11/07-13,L 532,13 DIG,Marcelo Pereira 5  João Bonelli 0 Mª das Graças 0 Eliane Garcia 1 Guilherme Xavier 1 Claudia Bolshaw 1Joy Till 1 Rian Rezende 0 Alexandre Cantini 1,,8º para DIG
,,,DSG 1042,10,1AC,PROJETO FINAL DIG,,3,,,6,07-11/07-13,L 532,13 DIG,Mª das Graças 5 João Bonelli 0 Marcelo Pereira 0 Eliane Garcia 1 Guilherme Xavier 1 Claudia Bolshaw 1 Joy Till 1 Rian Rezende 0 Alexandre Cantini 0 Palestra 1,,8º para DIG
,,,DSG 1051,10,1AA,PROJETO ESPECIFICO MOD,,3,,5,,07-13/07-11,ART 1,11 MOD,Isabel Martins 5 Joana Pessoa 2 Gisela Pereira 2  Monica Saddi 1,,7º para MOD
,,,DSG 1051,10,1AB,PROJETO ESPECIFICO MOD,,3,,5,,07-13/07-11,ART 1,11 MOD,Priscila Andrade 5 Joana Pessoa 3 Gisela Pereira 2 ,,7º para MOD
,,,DSG 1052,8,1AA,PROJETO FINAL MOD,,3,,,6,07-11,ART 2 (apoio LAB 6ª),11 MOD,Luiza Marcier 4 Isabel Martins 0 Luciana Barbosa 2 Walvyker Souza 2,,8º para MOD
,,,DSG 1052,8,1AB,PROJETO FINAL MOD,,3,,,6,07-11,ART 2 (apoio LAB 6ª),11 MOD,Isabel Martins 4 Luiza Marcier 0 Luciana Barbosa 2 Walvyker Souza 2 ,,8º para MOD
,,,DSG 1061,10,1AA,PROJETO ESPECÍFICO PP,,3,,5,,07-11/07-13,F 100,13 BPP,Augusto Seibel 5 Felipe Rangel 3 Claudia Kayat 0 Daniel Malaguti 2  Marco Antônio 0,,7º para PP
,,,DSG 1061,10,1AB,PROJETO ESPECÍFICO PP,,3,,5,,07-11/07-13,F 100,13 BPP,Claudia Kayat 5 Augusto Seibel 0 Felipe Rangel 2 Daniel Malaguti 2 Marco Antônio 1,,7º para PP
,,,DSG 1062,10,1AA,PROJETO FINAL PP,,3,,,6,07-11/07-13,F 100 (apoio LAMP 6ª),10 BPP,Felipe Rangel 5 Claudia Kayat 0 Augusto Seibel 0 Gabriella Vaccari 2 Daniel Malaguti 1 Jorge Lopes 1 Manuela Quaresma 0 Ricardo Fontes 0   Claudio Magalhães 1,,8º para PP
,,,DSG 1062,10,1AB,PROJETO FINAL PP,,3,,,6,07-11/07-13,F100 (apoio LAMP 6ª),10 BPP,Augusto Seibel 5 Felipe Rangel 0 Claudia Kayat 0  Gabriella Vaccari 2 Daniel Malaguti 0 Jorge Lopes 1 Manuela Quaresma 0 Ricardo Fontes 1  Claudio Magalhães 1,,
,,,DSG 1062,10,1AC,PROJETO FINAL PP,,3,,,6,07-11/07-13,F100 (apoio LAMP 6ª),11 BPP,Claudia Kayat 5 Felipe Rangel 0  Augusto Seibel 0 Gabriella Vaccari 2 Daniel Malaguti 1 Jorge Lopes 0 Manuela Quaresma 1 Ricardo Fontes 1  Claudio Magalhães 0,,
,,,DSG 1102,2,1AA,HISTORIA DO DESIGN II,,,,5,,09-11,VIRTUAL,20 CDI/ 2 QQC,Irina Aragão,,2º/3º/5º/6º/7º para CV e DIG - 2º/3º/4º/6º/8º para MOD - 2º/3º/4º/5º/7º para PP optativa historia da arte e do design
,,,DSG 1102,2,1AB,HISTORIA DO DESIGN II,,3,,,,11-13,VIRTUAL,20 CDI/ 2 QQC,Joaquim Redig,,2º/3º/5º/6º/7º para CV e DIG - 2º/3º/4º/6º/8º para MOD - 2º/3º/4º/5º/7º para PP optativa historia da arte e do design
,,,DSG 1103,2,1AA,TEORIA DO DESIGN,,,,,6,09-11,VIRTUAL,25 CDI,Flavia Nizia,,4º para CV e DIG 6º para MOD e PP
,,,DSG 1103,2,1AB,TEORIA DO DESIGN,,,,5,,09-11,VIRTUAL,25 CDI,Vera Damazio,,4º para CV e DIG 6º para MOD e PP
Tecnologias e Mídias Digitais ,,,DSG 1105,2,1AA,NOVAS TECNOLOGIAS,,,4,,,11-13,VIRTUAL,30 CDI,Alexandre Cantini,,8º
Tecnologias e Mídias Digitais ,,,DSG 1105,2,1AB,NOVAS TECNOLOGIAS,,,4,,,09-11,VIRTUAL,25 CDI / 5 QQC,Leonardo Cardarelli,,8º
Tecnologias e Mídias Digitais ,,,DSG 1105,2,1AC,NOVAS TECNOLOGIAS,,,,5,,09-11,VIRTUAL,30 CDI,Flavio Carvalho,,8º
Tecnologias e Mídias Digitais ,,,DSG 1105,2,1AD,NOVAS TECNOLOGIAS,,,4,,,09-11,VIRTUAL,25 CDI / 5 QQC ,Claudia Kayat,,8º
,,,DSG 1111,2,1AA,FUNDAMENTOS DA GEOMETRIA,,,4,,,13-15,VIRTUAL,26 CDI,Celso Wilmer ,,2º
,,,DSG 1112,2,1AA,GEOMETRIA,,,,5,,13-15,VIRTUAL,30 CDI,Alessandra Carusi,,3º
,,,DSG 1131,2,1AA,INT. A GRAFICA,,3,,,,07-09,ART 3,20 CDI,Guto Lins,,2º para CV - 5º para DIG e PP - 3º para MOD
,,,DSG 1131,2,1AB,INT. A GRAFICA,,,,5,,11-13,ART 3,20 CDI,Guto Lins,,2º para CV - 5º para DIG e PP - 3º para MOD
,Tecnologias e Mídias Digitais ,,DSG 1141,2,1AA,FUND. DA MIDIA DIGITAL,,,,5,,17-19,VIRTUAL,20 CDI/ 2 QQC,Jacques Chueke,,1º
,,,DSG 1143,3,1AA,EDIÇÃO POS PROD IMAGENS EM MOV,,,,,6,07-10,K 015,15 CDI,Eliane Garcia,,4º para CV e PP - 6º para DIG e MOD
,,,DSG 1143,3,1AB,EDIÇÃO POS PROD IMAGENS EM MOV,,3,,,,07-10,K 015,15 CDI,Sanseverino,,4º para CV e PP - 6º para DIG e MOD
,,,DSG 1143,3,1AC,EDIÇÃO POS PROD IMAGENS EM MOV,,,4,,,13-16,ART 3/K 015,15 CDI,Monica Frota ,,4º para CV e PP - 6º para DIG e MOD
,,,DSG 1143,3,1AD,EDIÇÃO POS PROD IMAGENS EM MOV,,,,,6,11-14,ART 3/K 015,15 CDI,Monica Frota ,,4º para CV e PP - 6º para DIG e MOD
Animação,,,DSG 1144,3,1AA,MODELAGEM VIRTUAL,2,,,,,13-16,T 04,15 CDI / 1 QQC,Leonardo Cardarelli,,"3º para CV, PP e DIG - 5º para MOD"
Animação,,,DSG 1144,3,1AB,MODELAGEM VIRTUAL,2,,,,,16-19,T 04,15 CDI / 1 QQC,Helena Cavalcanti,,"3º para CV, PP e DIG - 5º para MOD"
Animação,,,DSG 1144,3,1AC,MODELAGEM VIRTUAL,,3,,,,13-16,T 04,15 CDI / 1 QQC,Helena Cavalcanti,,"3º para CV, PP e DIG - 5º para MOD"
Animação,,,DSG 1144,3,1AD,MODELAGEM VIRTUAL,,,,5,,12-15,T 04,15 CDI / 1 QQC,Helena Cavalcanti,,"3º para CV, PP e DIG - 5º para MOD"
Animação,,,DSG 1144,3,1AE,MODELAGEM VIRTUAL,,,,,6,07-10,T 04,15 CDI / 1 QQC,Guilherme Lorenzoni,,"3º para CV, PP e DIG - 5º para MOD"
,,,DSG 1145,3,1AA,MODELAGEM VIRTUAL II,2,,,,,07-10,K 015,10 BPP/ 8 CDI,Ricardo Fontes,,6º para PP optativa de representação em PP
,,,DSG 1151,3,1AA,DESIGN DE PADRONAGEM,,3,,,,13-16,ART 1,25 CDI,Lula Rocha ,,3º
,,,DSG 1151,3,1AB,DESIGN DE PADRONAGEM,2,,,,,13-16 ,ART 1,25 CDI,Nathalia Cavalcante,,3º
,,,DSG 1151,3,1AC,DESIGN DE PADRONAGEM,,3,,,,13-16 ,ART 3,25 CDI,Carlos André,,3º
,,,DSG 1161,2,1AA,ESTÁGIO ,,,4,,,11-13,ART 3,15 MOD/15 CDI,Monica Saddi,,7º
,,,DSG 1161,2,1AB,ESTÁGIO ,,,,,6,07-09,ART 3,20 BCV/10 CDI,Gilberto Mendes,,7º
,,,DSG 1161,2,1AC,ESTÁGIO ,,,,,6,09-11,ART 3,20 DIG/10CDI,Leonardo Cardarelli,,7º
,,,DSG 1161,2,1AD,ESTÁGIO ,,,4,,,09-11,ART 3,15 BPP/15 CDI,Horista a contratar,,7º
,,,DSG 1301,3,1AA,QUESTÕES EM DESIGN,,,,,,,,,Izabel Oliveira ,,
,,,DSG 1302,2,1AA,TENDÊNCIAS EM COMUNICAÇÃO VISUAL,,,,5,,09-11,VIRTUAL,22 BCV,Horista a contratar ,,6º para CV
,,,DSG 1303,3,1AA,COR NA COMUNIC VISUAL,,3,,,,15-18 ,ART 2,20 CDI//5 QQC,Claudio Werneck ,,3º para CV
,,,DSG 1304,2,1AA,ERGONOMIA INFORMACIONAL,,,,5,,07-09,VIRTUAL,20 CDI,Claudia Mont'Alvão,,4º para CV
,,,DSG 1305,3,1AA,BIÔNICA PARA COMUNICAÇÃO VISUAL, ,3,,,,07-10,L 658,17 BCV ,Nathalia Cavalcante ,,6º para CV
,,,DSG 1311,4,1AA,GRAFICA,,3,,5,,11-13/ 11-13,F 100,20 BCV,Vera Bernardes,,4º para CV
,,,DSG 1312,3,1AA,SISTEMAS DE PROD. GRAFICA,,3,,,,08-11,K 017,11 BCV,Gilberto Mendes,,5º para CV
,,,DSG 1312,3,1AB,SISTEMAS DE PROD. GRAFICA,,3,,,,11-14,K 017,11 BCV,Claudio Werneck ,,5º para CV
,,,DSG 1312,3,1AC,SISTEMAS DE PROD. GRAFICA,,,,,6,11-14,K 017,11 BCV,Simone Formiga ,,5º para CV
Animação,,,DSG 1321,3,1AA,LING. EM COM.VISUAL,,3,,,,16-19 ,ART 3,10 CDI / 10 QQC,Simone Formiga,,3º para CV
,,,DSG 1322,2,1AA,IMAGEM REPRESENTAÇÃO CV,2,,,,,11-13,VIRTUAL,16 BCV,Izabel Oliveira ,,7º para CV
,,,DSG 1322,2,1AB,IMAGEM REPRESENTAÇÃO CV,,,,,6,09-11,VIRTUAL,16 BCV,Cristine Nogueira,,7º para CV
,,,DSG 1323,4,1AA,TEORIAS E ENFOQUES CRÍTICOS NA CV,,,4,,6,11-13,VIRTUAL/ L422,17 BCV ,Barbara Necyk,,6º para CV
,,,DSG 1323,4,1AB,TEORIAS E ENFOQUES CRÍTICOS NA CV,,3,,5,,07-09,IAG 3/VIRTUAL,17 BCV ,Romulo Matteoni,,6º para CV
,,,DSG 1331,2,1AA,TIPOGRAFIA I,2,,,,,11 -13,ART 1,20 CDI,Evelyn Grumach,,4º para CV
,,,DSG 1332,2,1AA,TIPOGRAFIA II ,,,,5,,07-09,ART 1,15  BCV,André Beltrão,,8ª para CV
,,,DSG 1332,2,1AB,TIPOGRAFIA II ,,,,5,,09-11,ART 1,15 BCV,Fábio Lopez,,8º para CV
,,,DSG 1332,2,1AC,TIPOGRAFIA II ,,,,5,,11-13,ART 1,15 BCV,André Beltrão,,8º para CV
,,,DSG 1334,4,1AA,DESIGN E COMUNICAÇÃO,2,,4,,,11-13,IAG 3,15 BCV/ 5 CDI,Vera Nojima,,Optativa para CV 
,,,DSG 1335,4,1AA,LINGUAGEM EM COMUNICAÇÃO VISUAL II,,3,,5,,11-13,IAG 3,15 BCV/ 5 CDI,Simone Formiga,,Optativa para CV 
,,,DSG 1336,2,1AA,ENCADERNAÇÃO,2,,,,,11-13,K 017,15 CDI/ 2 QQC,Cristina Viana ,,Optativa para CV 
,,,DSG 1336,2,1AB,ENCADERNAÇÃO,2,,,,,13-15,K 017,15 CDI/ 2 QQC,Cristina Viana ,,Optativa para CV 
,,,DSG 1337,4,1AA,BRANDING - CONSTRUÇÃO DA MARCA  ,,,4,,6,07-09,IAG 3,15 BCV / 6 CDI/ 2 QQC,Guto Lins ,,Optativa para CV 
Tecnologias e Mídias Digitais ,,,DSG 1403,2,1AA,ERGONOMIA E INT HUMANO-COMPUTADOR,,3,,,,11-13,VIRTUAL,20 CDI / 2 QQC,Claudia Mont'Alvão,,4º para DIG
,,,DSG 1411,2,1AA,DESIGN E EXPANSÃO DOS SENTIDOS,,3,,,,13-15,F 100,25 DIG / 5 CDI,Alexandre Cantini ,,4º para DIG
,,,DSG 1412,4,1AA,INTERFACES FÍSICAS E LÓGICAS,,,4,,6,13-15,LIFE,17 DIG / 1 QQC ,Luiz Ludwig,,7º para DIG
,,,DSG 1412,4,1AB,INTERFACES FÍSICAS E LÓGICAS,,,4,,6,11-13,LIFE,17 DIG / 1 QQC ,João Bonelli,,7º para DIG
,,,DSG 1413,4,1AA,DESIGN DE OBJETOS INTELIGENTES,2,,4,,,07-09,VIRTUAL,25 DIG,Barbara Castro,,8º para DIG
,,,DSG 1413,4,1AB,DESIGN DE OBJETOS INTELIGENTES,2,,4,,,15-17,VIRTUAL,25 DIG ,João Bonelli,,8º para DIG
,,,DSG 1414,3,1AA,HISTÓRIAS DAS MÍDIAS DIGITAIS INTERATIVAS ,,,4,,,09-12,VIRTUAL,20 CDI/ 2 QQC,Joy Till,,Optativa de História da Arte e do Design
,,,DSG 1415,3,1AA,SONORIZAÇÃO E ÁUDIO DIGITAIS,,,4,,,07-10,K 015 ,15 DIG,Werther Azevedo,,8º para DIG OPTATIVA
,,,DSG 1417,3,1AA,QUESTÕES DE MOBILIDADE E UBIQUIDADER,2,,,,,13-16,VIRTUAL,20 QQC,Joy Till,,
,,,DSG 1421,3,1AA,PRINCIPIOS DE ANIMAÇÃO,,3,,,,16-19,LAIA,15 QQC,Marcos Amarante,,3º para DIG
Animação / Artes do Espetáculo,,,DSG 1421,3,1AB,PRINCIPIOS DE ANIMAÇÃO,,,,5,,15-18,LAIA,13 CDI / 2 QQC,Marcos Amarante,,3º para DIG
Animação,,,DSG 1422,3,1AA,COMPUTAÇÃO PARA ANIMAÇÃO,,,,5,,08-11,T 04,15 DIG / 1 QQC,Leonardo Cardarelli,,5º para DIG
Animação,,,DSG 1422,3,1AB,COMPUTAÇÃO PARA ANIMAÇÃO,,3,,,,10-13,K 015,15 DIG/ 1 QQC,Helena Cavalcanti,,5º para DIG
Animação,,,DSG 1423,2,1AA,HISTÓRIA  DA ANIMAÇÃO,,,4,,,17-19,VIRTUAL,14 CDI / 06 QQC ,Marcos Amarante,,2º/3º/5º/6º/7º para CV e DIG - 2º/3º/4º/6º/8º para MOD - 2º/3º/4º/5º/7º para PP optativa historia da arte e do design
,,,DSG 1423,2,1AB,HISTÓRIA  DA ANIMAÇÃO,,,4,,,13-15,VIRTUAL,14 CDI / 06 QQC,Marcos Amarante,,2º/3º/5º/6º/7º para CV e DIG - 2º/3º/4º/6º/8º para MOD - 2º/3º/4º/5º/7º para PP optativa historia da arte e do design
Animação,,,DSG 1424,3,1AA,ANIMAÇÃO ,,,,5,6,13-16,LAIA,12 CDI / 5 QQC,Claudia Bolshaw,,5º/8º para DIG OPTATIVA
,,,DSG 1424,3,1AB,ANIMAÇÃO ,,,4,,,13-16,LAIA,12 CDI / 5 QQC,Claudia Bolshaw,,5º/8º para DIG OPTATIVA
,,,DSG 1431,3,1AA,PRINCIPIOS DE JOGOS ELETRÔNICOS,,3,,,,16-19,LIFE,12 CDI/ 5 QQC,Guilherme Xavier,,3º para DIG
,,,DSG 1432,3,1AA,COMP. GRAF. E TEC. JOGOS ELET,,,,,6,10-13,T 04,12 DIG,Helena Cavalcanti,,6 º para DIG
,,,DSG 1432,3,1AB,COMP. GRAF. E TEC. JOGOS ELET,,3,,,,07-10,T 04,12 DIG,Leonardo Cardarelli,,6 º para DIG
,,,DSG 1433,3,1AA,DESIGN DE JOGOS ,,3,,,,13-16,K 015,5 DIG/ 5 CDI/ 5 QQC,Guilherme Xavier,,5º/8º para DIG OPTATIVA
Tecnologias e Mídias Digitais ,,,DSG 1441,4,1AA,HIPERMÍDIA,,3,,5,,11-13,ART 3/VIRTUAL,20 DIG / 5 QQC ,Marcelo Pereira ,,6º para DIG
,,,DSG 1442,3,1AA,NARRATIVA EM MULTIMIDIA ,2,,,,,07-10,VIRTUAL,10 DIG/ 10 CDI,Rian Rezende,,5º/8º para DIG OPTATIVA
,,,DSG 1502,2,1AA,TENDÊNCIAS EM DESIGN DE MODA,,3,,,,11-13,VIRTUAL,20 MOD ,Priscila Andrade,,6º para MOD
,,,DSG 1503,3,1AA,COR NO DESIGN DE MODA,,3,,,,15-18,ART 4,15 CDI/10 QQC,Mateu Velasco,,3º para MOD
,,,DSG 1504,2,1AA,ERGONOMIA E VESTUARIO,,3,,,,09-11,VIRTUAL,20 CDI,Claudia Vianna,,4º para MOD
,,,DSG 1513,2,1AA,DESENHO TECNICO DE VESTUARIO,,,4,,,13-15,VIRTUAL,20 CDI,Claudia Vianna,,4º para MOD
,,,DSG 1515,2,1AA,TEC. DE COSTURA,,,,,6,11-13,LAB MOD,15 MOD/ 5 CDI,Walvyker Souza,,5º para MOD
,,,DSG 1516,3,1AA,DESENHO DE MODA aux por comp. - CAD,,,,5,,10-13,K 015 ,15 MOD ,Claudia Vianna ,,6º para MOD
,,,DSG 1517,3,1AA,DESIGN DE ESTAMPARIA ,,,,5,,13-16,K 017,17 MOD/ 3 QQC ,Isabel Martins,,5º para MOD
,,,DSG 1517,3,1AA,DESIGN DE ESTAMPARIA ,,,,5,,07-10,K 017,17 MOD/ 3 QQC ,Luiza Marcier,,
,,,DSG 1518,4,1AA,TECNOLOGIA TÊXTIL,,,,,6,07-11,ART 1,20 MOD,Gisela Pereira,,6º para MOD
,,,DSG 1531,2,1AA,HISTÓRIA DA INDUMENTÁRIA,,3,,,,09-11,VIRTUAL,13 MOD / 10 ACN/ 2 QQC,Silvia Helena ,,5º para MOD
,,,DSG 1532,2,1AA,HISTORIA DA MODA CONTEMPORÂNEA I,,,,,6,09-11,VIRTUAL,15 MOD/ 5 QQC,Daniela Oliveira,,7º para MOD
,,,DSG 1533,2,1AA,HISTORIA DA MODA CONTEMPORÂNEA II,,,,5,,07-09,VIRTUAL,15 CDI/ 5 QQC,Daniela Oliveira,,2º/3º/5º/6º/7º para CV e DIG - 2º/3º/4º/6º/8º para MOD - 2º/3º/4º/5º/7º para PP optativa historia da arte e do design
,,,DSG 1534,2,1AA,ANTROPOLOGIA DA MODA ,,,4,,,11-13,VIRTUAL,15 MOD/ 5 CDI/ 5 QQC,Silvia Helena ,,8º para MOD Optativa de design de moda 
,,,DSG 1535,2,1AA,DESENHO DE MODA,,,,5,,09-11,IAG 3,13 MOD/ 5 QQC/ 2 CDI,Gisela Pereira,,4º para MOD Optativas de desenho
,,,DSG 1536,2,1AA,ILUSTRAÇÃO DE MODA,,,,,6,11-13,IAG 3,13 MOD/ 5 QQC/ 2 CDI,Gisela Pereira,,4º para MOD 0ptativa de repres em design de moda 
Artes do Espetáculo,,,DSG 1537,2,1AA ,FIGURINO,,,,,6,11-13,ART 2,13 MOD/ 2 CDI/ 5 QQC,Silvia Helena ,,8º Optativa de design de moda 
,,,DSG 1538,2,1AA,HISTÓRIA DA MODA BRASILEIRA ,,,,,6,09-11,VIRTUAL,18 CDI/ 2 QQC,Silvia Helena ,,2º/3º/5º/6º/7º para CV e DIG - 2º/3º/4º/6º/8º para MOD - 2º/3º/4º/5º/7º para PP optativa historia da arte e do design
,,,DSG 1551,4,1AA,DESIGN DE ADORNOS PESSOAIS,,3,,5,,11-13/ 11-13,VIRTUAL/L 422,21 MOD,Irina Aragão,,5º para MOD
,,,DSG 1553,2,1AA,HISTÓRIA DO ADORNO PESSOAL II,,,4,,,11-13,VIRTUAL,20 CDI,Irina Aragão,,
,,,DSG 1602,2,1AA,TENDÊNCIAS EM DESIGN DE PRODUTO,,,,5,,11-13,VIRTUAL,20 BPP,Flavio Carvalho,,6º para PP
,,,DSG 1603,3,1AA,COR NO DESIGN DE PRODUTO,,,,5,,15-18,ART 2,20 CDI,Celso Wilmer,,3º para PP
Trabalho e contemporaneidade,,,DSG 1604,2,1AA,ERGONOMIA DO PRODUTO,,,,5,,09-11,VIRTUAL,20 CDI,Claudia Stamato,,4º para PP
,,,DSG 1605,3,1AA,BIÔNICA ,,3,,,,11-14,ART 2,20 BPP,João Victor,,6º para PP
,,,DSG 1612,3,1AA,REPRESENTAÇÃO EM VOLUME II,2,,,,,08-11,K 008 e LAMP,20 BPP,Gabriella Vaccari,,
,,,DSG 1613,2,1AA,REPRESENTAÇÃO EM VOLUME III,2,,,,,11-13,K 008 e LAMP,20 BPP,Gabriella Vaccari,,8ª para PP
,,,DSG 1622,2,1AA,MATERIAIS E PROCES. DE PROD I,,,,5,,07-09,IAG 4,20 BPP,Marco Antônio ,,5º para PP
,,,DSG 1623,4,1AA,MATERIAIS E PROCES. DE PROD II,,,,,6,07-11,IAG 4,20 BPP,Marco Antônio ,,6º para PP
,,,DSG 1631,2,1AA,ESTRUTURA E MECANISMO ,,,,5,,09-11,IAG 4,20 BPP,Leonidas Moraes,,5º para PP
,,,DSG 1632,2,1AA,SEMÂNTICA DO PRODUTO,2,,,,,09-11,VIRTUAL,20 BPP,Vera Nojima ,,7º para PP
,,,DSG 1633,2,1AA,TEORIA DO OBJETO,,3,,,,07-09,VIRTUAL,20 BPP,Flavio Carvalho,,5º para PP
,,,DSG 1634,2,1AA,ECODESIGN,,,4,,,11-13,ART 4,20 BPP / 2 QQC,Augusto Seibel,,7º para PP
,,,DSG 1635,2,1AA,ILUSTRAÇÃO DE PRODUTO,,,,,6,11-13,VIRTUAL,15 CDI/ 5 QQC,Dedé Rocha ,,2º para PP optativa de desenho
,,,DSG 1637,3,1AA,LABORATORIO DA FORMA I,,3,,,,08-11,LAMP K08,15 BPP/ 3 CDI,Gabriella Vaccari,,6º para PP optativa de design de produto
,,,DSG 1703,2,1AA,TED – SINALIZAÇÃO SERVDES,,,,,6,09-11,L 658,20 CDI,Evelyn Grumach,,
,,,DSG 1705,2,1AA,ILUSTRAÇÃO PARA NARRATIVA FICCIONAL,,,4,,,13-15,VIRTUAL,10 CDI/ 10 QQC,Miguel Carvalho,,
,,,DSG 1714,2,1AA,TED XV - MODELO DE NEGÓCIO - PP,2,,,,,07-09,VIRTUAL,15 BPP / 5 CDI,Felipe Rangel,,6º para PP optativa de representação em PP
Animação,,,DSG 1717,2,1AA,TED XIV - DISTRIBUIÇÃO AUDIOVISUAL,,3,,,,09-11,VIRTUAL,10 CDI/ 10 QQC,Claudia Bolshaw,,Eletiva 
Animação,,,DSG 1718,2,1AA,NARRATIVAS AUDIOVISUAIS,,,,5,,11-13,VIRTUAL,10 CDI/ 10 QQC,Horista a contratar,,Eletiva 
,,,DSG 1721,2,1AA,TED XXII CULTURA BRASILEIRA DA LIT INFANTO JUVENIL ,,,,,6,11-13,VIRTUAL,10 CDI/ 10 QQC/ 2CCI,Luciana Grether,,Eletiva 
,,,DSG 1753,3,1AA,TED LIV - DIAGRAMAÇÃO E EDITORAÇÃO ELETRÔNICA ,,3,,,,10-13,T 04,10 BCV / 05 CDI,Romulo Matteoni,,Optativa Representação em CV
,,,DSG 1753,3,1AB,TED LIV - DIAGRAMAÇÃO E EDITORAÇÃO ELETRÔNICA ,,,4,,,11-14,T 04,10 BCV / 05 CDI,Fabiana Prado,,Optativa Representação em CV
,,,DSG 1757,3,1AA,MERCHANDISING VISUAL DE MODA,2,,,,,15-18,VIRTUAL,10 CDI/ 10 QQC,Monica Saddi,,
,,,DSG 1801,2,1AA,CONTEÚDOS ESTRUTURANTES: OLHAR INTRAMUROS,,3,,,,13-15,VIRTUAL,14 CAL/16 ART/ 3QQC,Jackeline Farbiarz 2 Tatiana Carvalho 0 Roberta Portas 0,,1º
,,,DSG 1801,2,1AB,CONTEÚDOS ESTRUTURANTES: OLHAR INTRAMUROS,,3,,,,13-15,VIRTUAL,8 CAL/15 ART/ 2 QQC,Roberta Portas 2 Jackeline 0 Tatiana Carvalho 0 ,,1º
,,,DSG 1801,2,1AC,CONTEÚDOS ESTRUTURANTES: OLHAR INTRAMUROS,,3,,,,13-15,VIRTUAL,8 CAL/15 ART/ 2 QQC,Tatiana Carvalho 2 Roberta Portas 0 Jackeline 0 ,,1º
,,,DSG 1802,2,1AA,CONTEÚDOS ESTRUTURANTES: OLHAR EXTRAMUROS,,,,5,,13-15,ART 1,8 CAL/ 20 ART,Izabel Oliveira 1 Lula Rocha 1  João Bonelli 0 Roberta 0,,2º
,,,DSG 1802,2,1AB,CONTEÚDOS ESTRUTURANTES: OLHAR EXTRAMUROS ,,,,5,,13-15,ART 2,6 CAL/ 20 ART,João Bonelli 1 Lula Rocha 1 Izabel Oliveira 0 Roberta 0,,2º
,,,DSG 1802,2,1AC,CONTEÚDOS ESTRUTURANTES: OLHAR EXTRAMUROS ,,,,5,,13-15,ART 3,6 CAL/ 21 ART,Horista a contratar 1 Lula Rocha 1 Izabel Oliveira 0 Roberta 0 João Bonelli 0 ,,2º
,,,DSG 1803,2,1AA,CONTEÚDOS ESTRUTURANTES: PROJETAR EM PARCERIA ,2,,,,,13-15,VIRTUAL,27 ART,Luis Vicente 1  Carlos André 0 Luciana Grether 0  Olivia Hirch 1 Roberta 0,,3º
,,,DSG 1803,2,1AB,CONTEÚDOS ESTRUTURANTES: PROJETAR EM PARCERIA,2,,,,,13-15,VIRTUAL,27 ART,Carlos André 1 Luis Vicente 0 Luciana Grether 0 Roberta 0 Palestra 1,,3º
,,,DSG 1803,2,1AC,CONTEÚDOS ESTRUTURANTES: PROJETAR EM PARCERIA ,2,,,,,13-15,VIRTUAL,27 ART,Luciana Grether 1 Luis Vicente 0 Carlos André 0 Roberta 0 Palestra 1,,3º
,,,DSG 1804,2,1AA,CONTEÚDOS ESTRUTURANTES: PROJETAR EM SOCIEDADE,,3,,,,09-11,IAG 4,30 ART,Claudio Werneck 2  Izabel Oliveira 0 Roberta 0 Vera Damaio 0,,4º
,,,DSG 1804,2,1AB,CONTEÚDOS ESTRUTURANTES: PROJETAR EM SOCIEDADE,,3,,,,09-11,ART 3,30 ART,Izabel Oliveira 2  Claudio Werneck 0 Roberta 0 Vera Damazio 0,,4º
,,,DSG 1804,2,1AC,CONTEÚDOS ESTRUTURANTES: PROJETAR EM SOCIEDADE,,3,,,,09-11,IAG 3,30 ART,Horista a contratar 2 Claudio Werneck 0 Roberta 0 Izabel Oliveira 0,,4º
,,,DSG 1805,2,1AA,CONTEÚDOS ESTRUTURANTES: PROJETAR PARA CONCRETIZAR,,,,,6,07-09,VIRTUAL,26 ART,Romulo Matteoni ,,5º
,,,DSG 1805,2,1AB,CONTEÚDOS ESTRUTURANTES: PROJETAR PARA CONCRETIZAR,,,,,6,07-09,VIRTUAL,26 ART,Vera Nojima ,,5º
,,,DSG 1805,2,1AC,CONTEÚDOS ESTRUTURANTES: PROJETAR PARA CONCRETIZAR,,,,,6,07-09,VIRTUAL,26 ART,Horista a contratar ,,5º
,,,DSG 1811,4,1AA,ESTÚDIO: OLHAR INTRAMUROS,,,,5,,13-17,L 232,07 CAL/ 11 ART / 2 QQC,Luiza Marcier 2 Eliane Garcia 1 Luis Vicente 0 Claudia Bolshaw 0 Mario Seixas 0 Carlos André 0 Roberta 0 Palestra 1,,1º
,,,DSG 1811,4,1AB,ESTÚDIO: OLHAR INTRAMUROS,,,,5,,13-17,L 232,07 CAL/ 11 ART / 2 QQC,Luis Vicente 2 Claudia Bolshaw 1  Luiza Marcier 0 Eliane Garcia 0 Mario Seixas 0 Carlos André 0  Roberta 0 Palestra 1 ,,1º
,,,DSG 1811,4,1AC,ESTÚDIO: OLHAR INTRAMUROS,,,,5,,13-17,L 260,08 CAL/ 14 ART ,Mario Seixas 2 Claudia Bolshaw 1 Luiza Marcier 0 Eliane Garcia 0 Luis Vicente 0  Carlos André 0  Roberta 0 Palestra 1 ,,1º
,,,DSG 1811,4,1AD,ESTÚDIO: OLHAR INTRAMUROS,,,,5,,13-17,L 260,08 CAL/ 14 ART ,Carlos André 2 Eliane Garcia 1 Luiza Marcier 0  Luis Vicente 0 Claudia Bolshaw 0 Mario Seixas 0  Roberta 0 Palestra 1 ,,1º
,,,DSG 1812,4,1AA,ESTÚDIO: OLHAR EXTRAMUROS,,3,,,,13-17,L 232,15 ART / 4 CAL,Gabriela Gusmão 2 Cristina Viana 1 Roberta 0 Augusto Seibel 0 Gilberto Mendes 0 Marcelo Pereira 0 Isabel Martins 0 Palestra 1,,2º
,,,DSG 1812,4,1AB,ESTÚDIO: OLHAR EXTRAMUROS,,3,,,,13-17,L 232,15 ART / 4 CAL,Augusto Seibel 2 Cristina Viana 1 Gabriela Gusmão 0  Roberta 0 Gilberto Mendes 0 Marcelo Pereira 0 Isabel Martins 0 Palestra 1,,2º
,,,DSG 1812,4,1AC,ESTÚDIO: OLHAR EXTRAMUROS,,3,,,,13-17,L 260,15 ART / 6 CAL,Gilberto Mendes 2 Marcelo Pereira 1 Roberta 0 Gabriela Gusmão 0 Cristina Viana 0 Augusto Seibel 0  Isabel Martins 0 Palestra 1,,2º
,,,DSG 1812,4,1AD,ESTÚDIO: OLHAR EXTRAMUROS,,3,,,,13-17,L 260,16 ART / 6 CAL,Isabel Martins 2 Marcelo Pereira 1 Roberta 0 Gilberto Mendes 0 Gabriela Gusmão 0 Cristina Viana 0 Augusto Seibel 0  Palestra 1,,2º
,,,DSG 1813,6,1AA,PROJETO: PROJETAR EM PARCERIA,,,4,,,13-19,L 232,14 ART,Carlos André 3 Renata Mattos 1 Luis Vicente 0 Luciana Grether 0 Luiza Novaes 0 Luciana Barbosa 0 Palestra 2,,3º
,,,DSG 1813,6,1AB,PROJETO: PROJETAR EM PARCERIA,,,4,,,13-19,L 232,13 ART,Renata Mattos 3 Carlos André 1 Luis Vicente 0 Luciana Grether 0 Luiza Novaes 0 Luciana Barbosa 0 Palestra 2,,3º
,,,DSG 1813,6,1AC,PROJETO: PROJETAR EM PARCERIA ,,,4,,,13-19,L 260,14 ART,Luis Vicente 3 Luciana Grether 1 Carlos André 0 Renata Mattos 0 Luiza Novaes 0 Luciana Barbosa 0 Palestra 2,,3º
,,,DSG 1813,6,1AD,PROJETO: PROJETAR EM PARCERIA ,,,4,,,13-19,L 260,13 ART,Luciana Grether 3 Luis Vicente 1 Carlos André 0 Renata Mattos 0 Luiza Novaes 0 Luciana Barbosa 0 Palestra 2,,3º
,,,DSG 1813,6,1AE,PROJETO : PROJETAR EM PARCERIA,,,4,,,13-19,L 422,14 ART,Luiza Novaes 3 Luciana Barbosa 1 Luis Vicente 0 Luciana Grether 0 Carlos André 0 Renata Mattos 0 Palestra 2,,3º
,,,DSG 1813,6,1AF,PROJETO : PROJETAR EM PARCERIA,,,4,,,13-19,L 422,13 ART,Luciana Barbosa 3 Luiza Novaes 1 Luis Vicente 0 Luciana Grether 0 Carlos André 0 Renata Mattos 0 Palestra 2,,3º
,,,DSG 1814,6,1AA,PROJETO: PROJETAR EM SOCIEDADE,2,,4,,,10-13,L 232,15 ART,Guilherme Toledo 3 Joana Pessoa 1 Eliane Garcia 0 Felipe Rangel 0 Claudia Kayat 0 Daniel Malaguti 0 Carlo Franzato 0 Palestra 2,,4º
,,,DSG 1814,6,1AB,PROJETO: PROJETAR EM SOCIEDADE,2,,4,,,10-13,L 232,16 ART,Joana Pessoa 3 Guilherme Toledo 1 Eliane Garcia 0 Felipe Rangel 0 Claudia Kayat  0 Daniel Malaguti 0 Carlo Franzato 0 Palestra 2,,4º
,,,DSG 1814,6,1AC,PROJETO: PROJETAR EM SOCIEDADE,2,,4,,,10-13,L 260,15 ART,Eliane Garcia 3 Claudia Kayat 1 Guilherme Toledo 0 Joana Pessoa 0 Felipe Rangel  0 Daniel Malaguti 0 Carlo Franzato 0 Palestra 2,,4º
,,,DSG 1814,6,1AD,PROJETO: PROJETAR EM SOCIEDADE,2,,4,,,10-13,L 260,16 ART,Claudia Kayat 3 Eliane Garcia 1 Guilherme Toledo 0 Joana Pessoa 0 Felipe Rangel  0 Daniel Malaguti 0 Carlo Franzato 0 Palestra 2,,4º
,,,DSG 1814,6,1AE,PROJETO: PROJETAR EM SOCIEDADE,2,,4,,,10-13,L 422,15 ART,Felipe Rangel 3 Daniel Malaguti 1 Carlo Franzato 1 Guilherme Toledo 0 Eliane Garcia 0 Claudia Kayat 0 Joana Pessoa 0 Palestra1,,4º
,,,DSG 1814,6,1AF,PROJETO: PROJETAR EM SOCIEDADE,2,,4,,,10-13,L 422,16 ART,Daniel Malaguti 3 Felipe Rangel 1 Carlo Franzato 2 Guilherme Toledo 0 Eliane Garcia 0 Claudia Kayat 0 Joana Pessoa 0,,4º
,,,DSG 1815,6,1AA,PROJETO: PROJETAR PARA CONCRETIZAR,2,,4,,,10-13,F 100,15 ART,Augusto Seibel 4 Palestra 2,,5º
,,,DSG 1815,6,1AB,PROJETO: PROJETAR PARA CONCRETIZAR,2,,4,,,10-13,F 100,15 ART,Claudio Werneck 4 Palestra 2,,5º
,,,DSG 1815,6,1AC,PROJETO: PROJETAR PARA CONCRETIZAR,2,,4,,,10-13,L 532,15 ART,Isabel Martins 4 Palestra 2,,5º
,,,DSG 1815,6,1AD,PROJETO: PROJETAR PARA CONCRETIZAR,2,,4,,,10-13,L 532,15 ART,Renata Mattos 4 Palestra 2,,5º
,,,DSG 1815,6,1AE,PROJETO: PROJETAR PARA CONCRETIZAR,2,,4,,,10-13,L 658,15 ART,Gilberto Mendes 4 Palestra 2,,5º
,,,DSG 1815,6,1AF,PROJETO: PROJETAR PARA CONCRETIZAR,2,,4,,,10-13,L 658,15 ART,Marcelo Pereira 4 Palestra 2,,5º
,,,DSG 1821,2,1AA,HISTORIA E TEORIA DO DESIGN I,,3,,,,15-17,VIRTUAL ,14 CAL/16 ART/ 3QQC,Irina Aragão,,1º
,,,DSG 1821,2,1AB,HISTÓRIA E TEORIA DO DESIGN I,,3,,,,17-19,VIRTUAL,8 CAL/15 ART/ 2 QQC,Flavia Nizia,,1º
,,,DSG 1821,2,1AC,HISTORIA E TEORIA DO DESIGN I,,3,,,,17-19,VIRTUAL,8 CAL/15 ART/ 2 QQC,Irina Aragão,,1º
,,,DSG 1822,2,1AA,HISTORIA DO DESIGN BRASILEIRO,,,4,,,17-19,VIRTUAL,8 CAL/ 20 ART,Joaquim Redig,,2º
,,,DSG 1822,2,1AB,HISTORIA DO DESIGN BRASILEIRO,,,4,,,15-17,VIRTUAL,6 CAL/ 20 ART,Irina Aragão,,2º
,,,DSG 1822,2,1AC,HISTORIA DO DESIGN BRASILEIRO,,,4,,,17-19,VIRTUAL,6 CAL/ 21 ART,Flavia Nizia,,2º
,,,DSG 1822,2,1AD,HISTORIA DO DESIGN BRASILEIRO,2,,,,,09-11,VIRTUAL,25 ART,Cristine Nogueira,,2º
,,,DSG 1823,2,1AA,HISTÓRIA E TEORIA DO DESIGN II,2,,,,,15-17,VIRTUAL,27 ART,Cristine Nogueira,,3º
,,,DSG 1823,2,1AB,HISTÓRIA E TEORIA DO DESIGN II,2,,,,,17-19,VIRTUAL,27 ART,Silvia Helena ,,3º
,,,DSG 1823,2,1AC,HISTÓRIA E TEORIA DO DESIGN II,2,,,,,17-19,VIRTUAL,27 ART,Jorge Langone,,3º
,,,DSG 1824,2,1AA,TEORIA DO OBJETO,,,,,6,09-11,VIRTUAL,26 ART,João Victor ,,5º
,,,DSG 1824,2,1AB,TEORIA DO OBJETO,,,,,6,09-11,VIRTUAL,26 ART,Irina Aragão,,5º
,,,DSG 1824,2,1AC,TEORIA DO OBJETO,,,,,6,11-13,VIRTUAL,26 ART,Marco Antônio ,,5º
,,,DSG 1825,2,1AA,HISTÓRIA DA ARTE,,,,,6,11-13,VIRTUAL,32 ART,Jorge Langone,,5º
,,,DSG 1825,2,1AB,HISTÓRIA DA ARTE,,,,,6,11-13,VIRTUAL,32 ART,Luiza Interlenghi,,5º
,,,DSG 1825,2,1AC,HISTÓRIA DA ARTE,,,,,6,09-11,VIRTUAL,32 ART,Jorge Langone,,5º
,,,DSG 1841,4,1AA,LINGUAGEM E COMUNICAÇÃO NO DESIGN,2,,4,,,15-17,F 100,14 CAL/16 ART/ 3QQC,Evelyn Grumach,,1º
,,,DSG 1841,4,1AB,LINGUAGEM E COMUNICAÇÃO NO DESIGN,2,,4,,,15-17,L 532,8 CAL/15 ART/ 2 QQC,Julieta Sobral ,,1º
,,,DSG 1841,4,1AC,LINGUAGEM E COMUNICAÇÃO NO DESIGN,2,,4,,,13-15,F 100,8 CAL/15 ART/ 2 QQC,Romulo Matteoni,,1º
,,,DSG 1842,4,1AB,IMAGEM FOTOGRÁFICA E IMAGEM AUDIOVISUAL,2,,4,,,13-15,K 015 /ART 2,8 CAL/15 ART/ 2 QQC,Alexandre Cantini 2 Flavio Carvalho 2,,1º
,,,DSG 1842,4,1AA,IMAGEM FOTOGRÁFICA E IMAGEM AUDIOVISUAL,2,,4,,,17-19,K 015/ART 2,14 CAL/16 ART/ 3QQC,Eliane Garcia 2 Lula Rocha 2,,1º
,,,DSG 1842,4,1AC,IMAGEM FOTOGRÁFICA E IMAGEM AUDIOVISUAL,2,,4,,,17-19,ART 2/ K 015,8 CAL/15 ART/ 2 QQC,Lula Rocha 2 Monica Frota 2,,1º
,,,DSG 1843,2,1AA,LINGUAGEM GRÁFICA ,,,,5,,17-19,F 100,14 CAL/16 ART/ 3QQC,Guto Lins ,,1º
,,,DSG 1843,2,1AB,LINGUAGEM GRÁFICA ,,,,5,,17-19,L 232,8 CAL/15 ART/ 2 QQC,Fabiana Prado,,1º
,,,DSG 1843,2,1AC,LINGUAGEM GRÁFICA ,,,,5,,17-19,L 260,8 CAL/15 ART/ 2 QQC,Priscila Andrade ,,1º
Animação,,,DSG 1844,2,1AA,DESENHO DE OBSERVAÇÃO,,,,,6,13-15,F 100,14 CAL/16 ART/ 3QQC,Nathalia Cavalcante ,,1º
Animação,,,DSG 1844,2,1AB,DESENHO DE OBSERVAÇÃO,,,,,6,15-17,F 100,8 CAL/15 ART/ 2 QQC,Dedé Rocha ,,1º
Animação,,,DSG 1844,2,1AC,DESENHO DE OBSERVAÇÃO,,,,,6,15-17,ART 1,8 CAL/15 ART/ 2 QQC,Carlos André,,1º
,,,DSG 1845,3,1AA,"LINGUAGEM, COMUNICAÇÃO E DISCURSO NO DESIGN I",,,,5,,15-18,L 422,8 CAL/ 20 ART,Romulo Matteoni,,2º
,,,DSG 1845,3,1AB,"LINGUAGEM, COMUNICAÇÃO E DISCURSO NO DESIGN I",,,,5,,15-18,L 532,6 CAL/ 20 ART,Izabel Oliveira ,,2º
,,,DSG 1845,3,1AC,"LINGUAGEM, COMUNICAÇÃO E DISCURSO NO DESIGN I",,,,5,,15-18,L 658,6 CAL/ 21 ART,Horista a contratar,,2º
,,,DSG 1846,2,1AB,GEOMETRIA NO DESIGN,,,4,,,17-19,VIRTUAL,6 CAL/ 20 ART,Alessandra Carusi,,2º
,,,DSG 1846,2,1AA,GEOMETRIA NO DESIGN,,,4,,,15-17,VIRTUAL,8 CAL/ 20 ART,Celso Wilmer,,2º
,,,DSG 1846,2,1AC,GEOMETRIA NO DESIGN,,,4,,,15-17,VIRTUAL,6 CAL/ 21 ART,Alessandra Carusi,,2º
,,,DSG 1846,2,1AD,GEOMETRIA NO DESIGN,,,,5,,15-17,VIRTUAL,21 ART,Alessandra Carusi,,
,,,DSG 1847,4,1AA,DESENHO DE CONCEPÇÃO,2,,4,,,13-15/13-15,L 232/ VIRTUAL,8 CAL/ 20 ART,Mateu Velasco,,2º
,,,DSG 1847,4,1AB,DESENHO DE CONCEPÇÃO,2,,4,,,13-15/13-15,L 260/ VIRTUAL,6 CAL/ 20 ART,Nathalia Cavalcante,,2º
,,,DSG 1847,4,1AC,DESENHO DE CONCEPÇÃO,2,,4,,,13-15/13-15,L 422/ VIRTUAL,6 CAL/ 21 ART,Guto Lins,,2º
,,,DSG 1848,3,1AD,PLÁSTICA,,,4,,,11-14,ART 5,20 ART ,Sheila Dain,,2º
,,,DSG 1848,3,1AA,PLÁSTICA,2,,,,,15-18,L 232,8 CAL/ 20 ART,Carlos Eduardo Felix,,2º
,,,DSG 1848,3,1AB,PLÁSTICA,2,,,,,15-18,L 260,6 CAL/ 20 ART,Carlos André,,2º
,,,DSG 1848,3,1AC,PLÁSTICA,2,,,,,15-18,ART 5,6 CAL/ 21 ART,Mateu Velasco,,2º
,,,DSG 1849,4,1AA,O CORPO HUMANO COMO QUESTÃO EM DESIGN,,3,,,6,15-17,L 422,27 ART,Denise Portinari 2 Palestra 2 ,,3º
,,,DSG 1849,4,1AB,O CORPO HUMANO COMO QUESTÃO EM DESIGN,,3,,,6,15-17,L 532,27 ART,Nathalia Cavalcante 2 Palestra  2  ,,3º
,,,DSG 1849,4,1AC,O CORPO HUMANO COMO QUESTÃO EM DESIGN,,3,,,6,15-17,L 658,27 ART,Luiza Marcier 2 Palestra 2,,3º
,,,DSG 1850,2,1AA,"LINGUAGEM, COMUNICAÇÃO E DISCURSO NO DESIGN II",,,,,6,17-19,ART 2 ,27 ART,Romulo Matteoni,,3º
,,,DSG 1850,2,1AB,"LINGUAGEM, COMUNICAÇÃO E DISCURSO NO DESIGN II",,,,,6,17-19,ART 3,27 ART,Horista a contratar,,3º
,,,DSG 1850,2,1AC,"LINGUAGEM, COMUNICAÇÃO E DISCURSO NO DESIGN II",,,,,6,13-15,ART 2 ,27 ART,Horista a contratar,,3º
,,,DSG 1851,2,1AA,GEOMETRIA DESCRITIVA,2,,,,,15-17,VIRTUAL,21 ART,Alessandra Carusi,,3º
,,,DSG 1851,2,1AB,GEOMETRIA DESCRITIVA,2,,,,,15-17,VIRTUAL,21 ART,Leonidas Moraes,,3º
,,,DSG 1851,2,1AC,GEOMETRIA DESCRITIVA,2,,,,,17-19,VIRTUAL,21 ART,Alessandra Carusi,,3º
,,,DSG 1851,2,1AD,GEOMETRIA DESCRITIVA,2,,,,,17-19,VIRTUAL,21 ART,Leonidas Moraes,,3º
,,,DSG 1852,2,1AA,FUNDAMENTOS EM ERGODESIGN,,,,,6,11-13,VIRTUAL,25 ART,Claudia Vianna,,4º
,,,DSG 1852,2,1AB,FUNDAMENTOS EM ERGODESIGN,,,,,6,11-13,VIRTUAL,25 ART,Claudia Stamato ,,4º 
,,,DSG 1853,2,1AA,DESENHO TÉCNICO,,,,,6,13-15,VIRTUAL,20 ART,Alessandra Carusi ,,4º
,,,DSG 1853,2,1AB,DESENHO TÉCNICO,,3,,,,09-11,VIRTUAL,20 ART,Marco Antônio ,,4º
,,,DSG 1853,2,1AB,DESENHO TÉCNICO,,,,,6,09-11,VIRTUAL,20 ART,Leonidas Moraes,,4º
,,,DSG 1854,4,1AA,LINGUAGEM E ESTRUTURAS,2,,4,,,08-10,L 232,23 ART,Augusto Seibel 2 Rian Rezende 2,,4º
,,,DSG 1854,4,1AB,LINGUAGEM E ESTRUTURAS ,2,,4,,,08-10,L 422,23 ART,Isabel Martins 2  Fábio Lopez 2,,4º
,,,DSG 1854,4,1AC,LINGUAGEM E ESTRUTURAS ,2,,4,,,08-10,L 260,23 ART,Felipe Rangel 2 Horista a contratar 2 ,,4º
,,,DSG 1855,3,1AA,"LINGUAGEM, COMUNICAÇÃO E DISCURSO NO DESIGN III",,3,,,,10-13,ART 4,26 ART,Rian Rezende,,5º
,,,DSG 1855,3,1AB,"LINGUAGEM, COMUNICAÇÃO E DISCURSO NO DESIGN III",,3,,,,10-13,ART 5,26 ART,Horista a contratar,,5º
,,,DSG 1855,3,1AC,"LINGUAGEM, COMUNICAÇÃO E DISCURSO NO DESIGN III",,,,5,,10-13,ART 4,26 ART,Rian Rezende,,5º
,,,DSG 1856,2,1AA,BIONICA,,3,,,,08-10,ART 4,26 ART,Evelyn Grumach,,5º
,,,DSG 1856,2,1AB,BIONICA,,3,,,,08-10,ART 5,26 ART,João Victor,,5º
,,,DSG 1856,2,1AC,BIONICA,,,,5,,08-10,ART 4,26 ART,Nathalia Cavalcante,,5º
,,,DSG 1861,2,1AA,PRÁTICAS EXPERIMENTAIS I,,,,5,,15-17,LAMP/ART 4,20 ART,Gabriella Vaccari 2 Guilherme Xavier 0,,3º
,,,DSG 1861,2,1AB,PRÁTICAS EXPERIMENTAIS I,,,,5,,15-17,LAMP/ART 4,20 ART,Guilherme Xavier 2 Gabriella Vaccari 0,,3º
,,,DSG 1861,2,1AC,PRÁTICAS EXPERIMENTAIS I,,,,5,,15-17,LAMP/ART 5,20 ART,Gilberto Mendes 2 André Beltrão 0,,3º
,,,DSG 1861,2,1AD,PRÁTICAS EXPERIMENTAIS I,,,,5,,15-17,LAMP/ART 5,20 ART,André Beltrão 2 Gilberto Mendas 0,,3º
,,,DSG 1862,2,1AA,PRÁTICAS EXPERIMENTAIS II,,,,5,,11-13,ART 2 ,23 ART,João Bonelli,,4º
,,,DSG 1862,2,1AB,PRÁTICAS EXPERIMENTAIS II,,,,5,,11-13,L 532,23 ART,Guilherme Xavier,,4º
,,,DSG 1862,2,1AC,PRÁTICAS EXPERIMENTAIS II,,,,5,,11-13,L 658,23 ART,Joy Till,,4º
,,,DSG 1863,4,1AA,PRÁTICAS EXPERIMENTAIS III,2,,4,,,08-10,LIFE / K 015 / F 100,26 ART,João Bonelli,,5º
,,,DSG 1863,4,1AB,PRÁTICAS EXPERIMENTAIS III,2,,4,,,08-10,LIFE / K 015 / F 100,26 ART,Luiz Ludwig,,5º
,,,DSG 1863,4,1AC,PRÁTICAS EXPERIMENTAIS III,2,,4,,,08-10,LIFE / K 015 / F 100,26 ART,Luiza Marcier,,5º
,,,DSG 1864,4,1AA,PRÁTICAS EXPERIMENTAIS IV,,3,,5,,13-15,K 008,20 ART,Mario Seixas,,3º/4º Optativas Práticas Experimentais
,,,DSG 1865,4,1AA,PRÁTICAS EXPERIMENTAIS V,,3,,5,,13-15,LAB MOD,20 ART,Walvyker Souza,,3º/4º Optativas Práticas Experimentais
,,,DSG 1866,2,1AA,PRÁTICAS EXPERIMENTAIS VI,,,,5,,07-09,K 015,20 ART,Helena Cavalcanti,,4º
,,,DSG 1867,2,1AA,PRÁTICAS EXPERIMENTAIS VII,,,,5,,09-11,LAB MOD,20 ART,Luciana Barbosa ,,4º
,,,DSG 1930,4,1AA,MATERIAIS SUSTENTÁVEIS E PROCESSOS CIRCULARES,,,,,6,09-13,ART 5,20 ART,Daniel Malaguti ,,
,,,DSG 1946,4,1AA,MODA E O CORPO CONTEMPORANEO,,,4,,6,13-15,VIRTUAL/ L 422,10 ART/ 10 QQC,Luiza Marcier 2 Walvyker 2,,Optativa
,,,DSG 1949,2,1AA,OBJETO ROUPA,,,,5,,11-13,LAB MOD,20 ART,Gisela Pereira,,
,,,DSG 1953,2,1AA,CONECTIVIDADE E INTERATIVIDADE NAS ARTES E NO DESIGN,2,,,,,13-15,VIRTUAL,20 ART ,Rejane Spitz,,Optativa 
,,,DSG 1956,2,1AA,EXPERIÊNCIA DO USUÁRIO E INTERAÇÃO HUMANO TECNOLOGIA,,3,,,,09-11,VIRTUAL,20 ART ,Manuela Quaresma ,,
,,,DSG 1962,4,1AA,DESIGN ESTRATÉGICO,,,,,6,09-13,VIRTUAL,20 ART ,Carlo Franzato,,
,,,DSG 1972,2,1AA,LABORATÓRIO DO LÚDICO NOS PROCESSOS COMUNICACIONAIS,,3,,,,13-15,VIRTUAL,20 QQC,Luis Vicente,,Optativa
,,,DSG 1977,2,1AA,DESIGN DE EMBALAGEM ,,3,,,,11-13,K 008,20 ART,Claudia Kayat,,
,,,DSG 1988,2,1AA,PROTOTIPAGEM E SIMULAÇÃO DIGITAL,,,,5,,13-15,LIFE,18 ART ,Jacques Chueke,,
,,,DSG 1990,3,1AA,JOGOS DIGITAIS,,,,5,,08-11,FIFE,18 ART,Guilherme Xavier,,
,,,DSG 1999,3,1AA,CRIAÇÃO E TRAT. DA IMAGEM,,,,5,,13-16 > 15-18,K 015 ,15 CDI,Lula Rocha,,
,,,EMP1200,2,8AA,EMPREENDEDORISMO,,,,5,,11-13,VIRTUAL,30 DIG,Guilherme Toledo ,,8º
,,,EMP1200,2,8AB,EMPREENDEDORISMO,,,4,,,07-09,VIRTUAL,15 MOD/20 BPP,Luis Felipe S. Carvalho ADM,,8º
,,,EMP1200,2,8AC,EMPREENDEDORISMO,2,,,,,09-11,VIRTUAL,30 BCV ,Sylvia Therezinha de Almeida Moraes ADM,,8º
,,,FIL 1815,4,1AA,ESTÉTICA,2,,,,6,07-09,VIRTUAL,30 BPP,,,7º 
,,,FIL 1815,4,1AB,ESTÉTICA,2,,4,,,07-09,VIRTUAL,30 BCV,,,7º 
,,,FIL 1815,4,1AC,ESTÉTICA,2,,,5,,11-13,VIRTUAL,30 DIG,,,7º 
,,,FIL 1815,4,1AD,ESTÉTICA,2,,,,6,11-13,VIRTUAL,30 MOD,,,7º
,,,FIS 1130,2,3AA,FÍSICA,,,,5,,07-09,L 358,18 CDI,,,4º para DIG/ 5º para CV e PP/ 6º para MOD 
,,,FIS 1130,2,3AB,FÍSICA,,,,5,,09-11,L 358,18 CDI,,,4º para DIG/ 5º para CV e PP/ 6º para MOD 
,,,FIS 1130,2,3AC,FÍSICA,,,,5,,11-13,L 358,18 CDI,,,4º para DIG/ 5º para CV e PP/ 6º para MOD 
,,,FIS 1130,2,3AD,FÍSICA,,,,5,,13-15,L 358,18 CDI,,,4º para DIG/ 5º para CV e PP/ 6º para MOD 
,,,INF 1030,3,3AA,CONCEITOS DE INFORMÁTICA,,,,5,,08-11,VIRTUAL,15 DIG,Jan Krueger Siqueira,,6º para DIG
,,,INF 1030,3,3AB,CONCEITOS DE INFORMÁTICA,,,4,,,11-14,VIRTUAL,15 DIG,Cláudia Ferlin,,6º para DIG
,,,JUR 1809,2,2AA,DIREITO DO AUTOR,,,,,6,09-11,VIRTUAL,10 BPP/ 25 CDI,,,"7º para DIG, CV e PP/ 8º para MOD"
,,,JUR 1809,2,2AB,DIREITO DO AUTOR,2,,,,,09-11,VIRTUAL,20 BCV/15 DIG ,,,"7º para DIG, CV e PP/ 8º para MOD"
,,,JUR 1809,2,2AC,DIREITO DO AUTOR,,,,5,,07-09,VIRTUAL,20 MOD / 15 CDI,,,"7º para DIG, CV e PP/ 8º para MOD"
,,,LET 1910,4,1AA,ANALISE PRODUÇÃO TEXTO ACADÊMICOcad,2,,4,,,13-15,L 532,07 CAL/ 10 ART / 2 QQC,,,1º
,,,LET 1910,4,1AB,ANALISE PRODUÇÃO TEXTO ACADÊMICOcad,2,,4,,,13-15,L 658,07 CAL/ 10 ART / 2 QQC,,,1º
,,,LET 1910,4,1AC,ANALISE PRODUÇÃO TEXTO ACADÊMICOcad,2,,4,,,17-19,ART 1,08 CAL/ 15 ART ,,,1º
,,,LET 1910,4,1AD,ANALISE PRODUÇÃO TEXTO ACADÊMICOcad,2,,4,,,15-17,ART 2 ,08 CAL/ 15 ART ,,,1º
,,,PSI 1130,2,1AA,PSICOLOGIA E PERCEPÇÃO,,,,,6,15-17,VIRTUAL,25 ART,Tatiana Carvalho,,1º
,,,SOC 1114,4,2AA,SOCIOLOGIA,,,4,,6,11-13,VIRTUAL,30 CDI,,,3º Optativas sociologia/his-nucleo básico CTCH
,,,,,,,,,,,,,,,,,
,,,,,,,,,,,,,,,,,
,,,presencial,,,,,,,,,,,,,,
,,,hibrido,,,,,,,,,,,,,,
,,,remoto,,,,,,,,,,,,,,