CODIGO,CR,TUR,DISCIPLINA,2,3,4,5,6,HORA,SALA,PROFESSOR
DSG1846,2,1AB,GEOMETRIA NO DESIGN,,,4,,,17-19,ART 3,Alessandra Carusi
DSG1846,2,1AC,GEOMETRIA NO DESIGN,,,4,,,15-17,ART 3,Alessandra Carusi
DSG1846,2,1AD,GEOMETRIA NO DESIGN,,,,5,,15-17,ART 3,Alessandra Carusi
DSG1851,2,1AA,GEOMETRIA DESCRITIVA,,,,,6,13-15,ART 1,Alessandra Carusi
DSG1851,2,1AC,GEOMETRIA DESCRITIVA,,,,5,,17-19,ART 3,Alessandra Carusi
DSG1853,2,1AD,DESENHO TÉCNICO,,,4,,,13-15,ART 2,Alessandra Carusi 
DSG1105,2,1AA,NOVAS TECNOLOGIAS,,,4,,,11-13,VIRTUAL,Alexandre Cantini
DSG1842,2,1AA,IMAGEM FOTOGRÁFICA E IMAGEM AUDIOVISUAL,2,,4,,,11-13,K 015,Alexandre Cantini 
DSG1842,2,1AC,IMAGEM FOTOGRÁFICA E IMAGEM AUDIOVISUAL,2,,4,,,15-17,K 015,Alexandre Cantini 
DSG1332,2,1AB,TIPOGRAFIA II ,,,,5,,11-13,ART 1,André Beltrão
DSG1843,2,1AD,LINGUAGEM GRÁFICA ,,,,5,,17-19,L 658,André Beltrão
DSG1031,5,1AA,PROJETO ESPECIFICO CV,,3,,,,07-11,L 658,André Beltrao 
DSG1031,,1AA,PROJETO ESPECIFICO CV,,,,5,,07-13,L 658,André Beltrao 
DSG1861,2,1AD,PRÁTICAS EXPERIMENTAIS I,,,,5,,15-17 ,ART 5,André Beltrão 
DSG1634,2,1AA,ECODESIGN,,,,5,,13-15,ART5,Augusto Seibel
DSG1812,2,1AD,ESTÚDIO: OLHAR EXTRAMUROS,,3,,,,13-17,L 232,Augusto Seibel
DSG1061,5,1AA,PROJETO ESPECÍFICO PP,,3,,,,07-11,ART1,Augusto Seibel 
DSG1061,,1AA,PROJETO ESPECÍFICO PP,,,,5,,07-13,ART2,Augusto Seibel 
DSG1062,5,1AB,PROJETO FINAL PP,,3,,,,07-11,F 100,Augusto Seibel 
DSG1062,,1AB,PROJETO FINAL PP,,,,,6,07-13,F 100,Augusto Seibel 
DSG1854,2,1AA,LINGUAGEM E ESTRUTURAS,2,,4,,,08-10,L 260,Augusto Seibel 
DSG1815,4,1AA,PROJETO: PROJETAR PARA CONCRETIZAR,2,,4,,,10-13,L 232,Augusto Seibel  
DSG1854,2,1AD,LINGUAGEM E ESTRUTURAS ,2,,4,,,08-10,L 232,Augusto Seibel  
DSG1518,4,1AA,TECNOLOGIA TÊXTIL,,,,,6,07-11,ART 1,Barbara Cruz
DSG1811,1,1AE,ESTÚDIO: OLHAR INTRAMUROS,,,,5,,13-17,L 532,Barbara Cruz 
DSG1811,1,1AF,ESTÚDIO: OLHAR INTRAMUROS,,,,5,,13-17,L 532,Barbara Cruz 
DSG1854,2,1AB,LINGUAGEM E ESTRUTURAS ,2,,4,,,08-10,L 260,Barbara Cruz 
DSG1051,1,1AA,PROJETO ESPECIFICO MOD,,3,,,,07-13,LAB MOD,Barbara Cruz 
DSG1051,,1AA,PROJETO ESPECIFICO MOD,,,,5,,07-11,ART 1,Barbara Cruz 
DSG1051,1,1AB,PROJETO ESPECIFICO MOD,,3,,,,07-13,LAB MOD,Barbara Cruz
DSG1051,,1AB,PROJETO ESPECIFICO MOD,,,,5,,07-11,ART 1,Barbara Cruz
DSG1951,4,1AA,DESIGN ESPECULATIVO: CENÁRIOS FUTÚROS ,,3,,5,,13-15,L 120/ VIRTUAL,Carlo Franzato 
DSG1803,1,1AB,CONTEÚDOS ESTRUTURANTES: PROJETAR EM PARCERIA,2,,,,,13-15,VIRTUAL,Carlos André
DSG1811,2,1AD,ESTÚDIO: OLHAR INTRAMUROS,,,,5,,13-17,L 260,Carlos André
DSG1844,2,1AC,DESENHO DE OBSERVAÇÃO,,3,,,,15-17,ART 1,Carlos André
DSG1844,2,1AD,DESENHO DE OBSERVAÇÃO,,3,,,,17-19,ART 1,Carlos André
DSG1848,3,1AB,PLÁSTICA,2,,,,,15-18,L 260,Carlos André
ART1050,3,1AA,DESENHO DE OBSERVAÇÃO,,,,,6,11-14,ART 4,Carlos André 
DSG1813,4,1AB,PROJETO: PROJETAR EM PARCERIA,,,4,,,13-19,ART 4,Carlos André 
DSG1848,3,1AD,PLÁSTICA,,,4,,,11-14,K 017,Carlos Eduardo Felix
DSG1932,4,1AA,"PROSPECÇÃO, ESCASSEZ E INCERTEZA",2,,4,,,09-11,L 120,Carlos Eduardo Felix
DSG1846,2,1AA,GEOMETRIA NO DESIGN,,,4,,,15-17,L 658 ,Celso Wilmer
DSG1853,2,1AA,DESENHO TÉCNICO,2,,,,,13-15,L 260 verificar se é quadro de giz,Celso Wilmer 
DSG1424,3,1AA,ANIMAÇÃO ,,,,,6,13-16,LAIA,Claudia Bolshaw
DSG1424,3,1AB,ANIMAÇÃO ,,,4,,,13-16,LAIA,Claudia Bolshaw
DSG1717,2,1AA,TED XIV - DISTRIBUIÇÃO AUDIOVISUAL,2,,,,,09-11,VIRTUAL,Claudia Bolshaw
DSG1855,3,1AB,"LINGUAGEM, COMUNICAÇÃO E DISCURSO NO DESIGN III",,3,,,,10-13,ART 5,Claudia Bolshaw
ART1858,1,1AA,INTRODUÇÃO À PESQUISA,,,,,,SHF,VIRTUAL,Claudia Bolshaw 
ART1858,2,1AA,INTRODUÇÃO À PESQUISA,,,,,,SHF,VIRTUAL,Claudia Bolshaw 
DSG1041,1,1AA,PROJETO ESPECIFICO DIG,,3,,,,07-13,L 422,Claudia Bolshaw 
DSG1041,,1AA,PROJETO ESPECIFICO DIG,,,,5,,07-11,L 422,Claudia Bolshaw 
DSG1041,,1AB,PROJETO ESPECIFICO DIG,,3,,,,07-13,L 422,Claudia Bolshaw 
DSG1041,,1AB,PROJETO ESPECIFICO DIG,,,,5,,07-11,L 422,Claudia Bolshaw 
DSG1042,,1AA,PROJETO FINAL DIG,,3,,,,07-11,L 532,Claudia Bolshaw 
DSG1042,,1AA,PROJETO FINAL DIG,,,,,6,07-13,L 532,Claudia Bolshaw 
DSG1042,1,1AB,PROJETO FINAL DIG,,3,,,,07-11,L 532,Claudia Bolshaw 
DSG1042,,1AB,PROJETO FINAL DIG,,,,,6,07-13,L 532,Claudia Bolshaw 
DSG1811,1,1AA,ESTÚDIO: OLHAR INTRAMUROS,,,,5,,13-17,L 232,Claudia Bolshaw 
DSG1811,1,1AB,ESTÚDIO: OLHAR INTRAMUROS,,,,5,,13-17,L 232,Claudia Bolshaw 
DSG1061,5,1AB,PROJETO ESPECÍFICO PP,,3,,,,07-11,ART1,Claudia Kayat 
DSG1061,,1AB,PROJETO ESPECÍFICO PP,,,,5,,07-13,ART2,Claudia Kayat 
DSG1062,2,1AA,PROJETO FINAL PP,,3,,,,07-11,F 100,Claudia Kayat 
DSG1062,,1AA,PROJETO FINAL PP,,,,,6,07-13,F 100,Claudia Kayat 
DSG1062,2,1AB,PROJETO FINAL PP,,3,,,,07-11,F 100,Claudia Kayat 
DSG1062,,1AB,PROJETO FINAL PP,,,,,6,07-13,F 100,Claudia Kayat 
DSG1814,4,1AC,PROJETO: PROJETAR EM SOCIEDADE,2,,4,,,10-13,ART 2,Claudia Kayat 
DSG1977,2,1AA,DESIGN DE EMBALAGEM ,,3,,,,11-13,K 008,Claudia Kayat 
DSG1852,2,1AB,FUNDAMENTOS EM ERGODESIGN,,,,,6,11-13,VIRTUAL,Claudia Stamato 
DSG1857,2,1AA,ERGODESIGN,,3,,,,09-11,L 120,Claudia Stamato 
DSG1852,2,1AA,FUNDAMENTOS EM ERGODESIGN,,,,,6,11-13,VIRTUAL,Claudia Vianna
DSG1857,2,1AC,ERGODESIGN,,3,,,,11-13,L 232,Claudia Vianna
DSG1516,3,1AA,DESENHO DE MODA aux por comp. - CAD,2,,,,,10-13,LIFE,Claudia Vianna 
DSG1051,1,1AA,PROJETO ESPECIFICO MOD,,3,,,,07-13,LAB MOD,Claudia Vianna 
DSG1051,,1AA,PROJETO ESPECIFICO MOD,,,,5,,07-11,ART 1,Claudia Vianna 
DSG1051,1,1AB,PROJETO ESPECIFICO MOD,,3,,,,07-13,LAB MOD,Claudia Vianna 
DSG1051,,1AB,PROJETO ESPECIFICO MOD,,,,5,,07-11,ART 1,Claudia Vianna 
DSG1975,2,1AA,LABORATÓRIO EXPLORAÇÃO EXPERIMENTAL PARA INOVAÇÃO,,,4,,,13-15,K 008,Claudio Magalhães 
DSG1811,2,1AB,ESTÚDIO: OLHAR INTRAMUROS,,,,5,,13-17,L 232,Claudio Werneck
DSG1815,4,1AB,PROJETO: PROJETAR PARA CONCRETIZAR,2,,4,,,10-13,L 232,Claudio Werneck
DSG1303,3,1AA,COR NA COMUNIC VISUAL,,3,,,,15-18 ,K 017,Claudio Werneck 
DSG1804,2,1AA,CONTEÚDOS ESTRUTURANTES: PROJETAR EM SOCIEDADE,,3,,,,09-11,S/sala ,Claudio Werneck 
DSG1812,3,1AC,ESTÚDIO: OLHAR EXTRAMUROS,,3,,,,13-17,L 232,Cristina Viana
DSG1336,2,1AA,ENCADERNAÇÃO,2,,,,,11-13,K 017,Cristina Viana 
DSG1322,2,1AB,IMAGEM REPRESENTAÇÃO CV,,,,,6,09-11,VIRTUAL,Cristine Nogueira
DSG1822,2,1AD,HISTORIA DO DESIGN BRASILEIRO,2,,,,,09-11,VIRTUAL,Cristine Nogueira
DSG1823,2,1AA,HISTÓRIA E TEORIA DO DESIGN II,2,,,,,15-17,VIRTUAL,Cristine Nogueira
DSG1814,4,1AD,PROJETO: PROJETAR EM SOCIEDADE,2,,4,,,10-13,ART 2,Daniel Malaguti
DSG1061,,1AA,PROJETO ESPECÍFICO PP,,,,5,,07-13,ART2,Daniel Malaguti 
DSG1061,2,1AA,PROJETO ESPECÍFICO PP,,3,,,,07-11,ART1,Daniel Malaguti 
DSG1061,2,1AB,PROJETO ESPECÍFICO PP,,3,,,,07-11,ART1,Daniel Malaguti 
DSG1061,,1AB,PROJETO ESPECÍFICO PP,,,,5,,07-13,ART2,Daniel Malaguti 
DSG1062,1,1AA,PROJETO FINAL PP,,3,,,,07-11,F 100,Daniel Malaguti 
DSG1062,,1AA,PROJETO FINAL PP,,,,,6,07-13,F 100,Daniel Malaguti 
DSG1801,2,1AA,CONTEÚDOS ESTRUTURANTES: OLHAR INTRAMUROS,,3,,,,13-15,L 532,Daniel Malaguti 
DSG1854,2,1AD,LINGUAGEM E ESTRUTURAS ,2,,4,,,08-10,L 232,Daniel Malaguti 
DSG1930,4,1AA,MATERIAIS SUSTENTÁVEIS E PROCESSOS CIRCULARES,,,,,6,09-13,ART 5,Daniel Malaguti 
ART1420,4,1AA,CULTURA MODERNA/CONTEMPORANEA,2,,4,,,09-11,VIRTUAL,Daniela Oliveira
DSG1532,2,1AA,HISTORIA DA MODA CONTEMPORÂNEA I,,,,,6,09-11,VIRTUAL,Daniela Oliveira
DSG1533,2,1AA,HISTORIA DA MODA CONTEMPORÂNEA II,,,,5,,07-09,VIRTUAL,Daniela Oliveira
DSG1635,2,1AA,ILUSTRAÇÃO DE PRODUTO,,,,,6,11-13,L 658,Dedé Rocha
DSG1782,4,1AA,TED LXXXIII - AQUARELAS LÍQUIDAS,2,,,,,13-17,ART 4,Dedé Rocha 
DSG1849,2,1AA,O CORPO HUMANO COMO QUESTÃO EM DESIGN,,3,,,6,15-17,L 532,Denise Portinari 
DSG1143,3,1AA,EDIÇÃO POS PROD IMAGENS EM MOV,,,,,6,07-10,K 015,Eliane Garcia
DSG1041,1,1AA,PROJETO ESPECIFICO DIG,,3,,,,07-13,L 422,Eliane Garcia 
DSG1041,,1AA,PROJETO ESPECIFICO DIG,,,,5,,07-11,L 422,Eliane Garcia 
DSG1041,1,1AB,PROJETO ESPECIFICO DIG,,3,,,,07-13,L 422,Eliane Garcia 
DSG1041,,1AB,PROJETO ESPECIFICO DIG,,,,5,,07-11,L 422,Eliane Garcia 
DSG1042,1,1AA,PROJETO FINAL DIG,,3,,,,07-11,L 532,Eliane Garcia 
DSG1042,,1AA,PROJETO FINAL DIG,,,,,6,07-13,L 532,Eliane Garcia 
DSG1779,3,1AA,ESTUDO DIRIGIDO,,,,,,SHF,VIRTUAL,Eliane Garcia 
DSG1842,2,1AD,IMAGEM FOTOGRÁFICA E IMAGEM AUDIOVISUAL,2,,4,,,11-13,T 01,Eliane Garcia 
DSG1032,,1AC,PROJETO FINAL CV,,,,,6,07-13,L 260,Evelyn Grumach
DSG1704,2,1AA,IDENTIDADE VISUAL PARA EVENTO,,,,,6,09-11,K 017,Evelyn Grumach
DSG1841,4,1AA,LINGUAGEM E COMUNICAÇÃO NO DESIGN,2,,4,,,15-17,L 422,Evelyn Grumach
DSG1856,2,1AA,BIONICA,,,,5,,08-10,L 260,Evelyn Grumach
DSG1031,5,1AB,PROJETO ESPECIFICO CV,,3,,,,07-11,L 658,Evelyn Grumach 
DSG1031,,1AB,PROJETO ESPECIFICO CV,,,,5,,07-13,L 658,Evelyn Grumach 
DSG1032,3,1AC,PROJETO FINAL CV,,3,,,,07-11,L 260,Evelyn Grumach 
DSG1332,2,1AA,TIPOGRAFIA II ,,,,5,,09-11,L 532,Fábio Lopez
DSG1854,2,1AC,LINGUAGEM E ESTRUTURAS ,2,,4,,,08-10,L 232,Fábio Lopez
DSG1032,5,1AC,PROJETO FINAL CV,,3,,,,07-11,L 260,Fábio Lopez 
DSG1032,,1AC,PROJETO FINAL CV,,,,,6,07-13,L 260,Fábio Lopez 
DSG1854,2,1AB,LINGUAGEM E ESTRUTURAS ,2,,4,,,08-10,L 260,Fábio Lopez 
DSG1814,4,1AB,PROJETO: PROJETAR EM SOCIEDADE,2,,4,,,10-13,ART 1,Felipe Rangel
DSG1061,2,1AA,PROJETO ESPECÍFICO PP,,3,,,,07-11,ART1,Felipe Rangel 
DSG1061,,1AA,PROJETO ESPECÍFICO PP,,,,5,,07-13,ART2,Felipe Rangel 
DSG1061,2,1AB,PROJETO ESPECÍFICO PP,,3,,,,07-11,ART1,Felipe Rangel 
DSG1061,,1AB,PROJETO ESPECÍFICO PP,,,,5,,07-13,ART2,Felipe Rangel 
DSG1062,4,1AA,PROJETO FINAL PP,,3,,,,07-11,F 100,Felipe Rangel 
DSG1062,,1AA,PROJETO FINAL PP,,,,,6,07-13,F 100,Felipe Rangel 
DSG1302,2,1AA,TENDÊNCIAS EM COMUNICAÇÃO VISUAL,,,,5,,09-11,VIRTUAL,Flavia Nizia
DSG1821,2,1AD,HISTORIA E TEORIA DO DESIGN I,,3,,,,15-17,L 328,Flavia Nizia
DSG1822,2,1AC,HISTORIA DO DESIGN BRASILEIRO,,,,,6,15-17,VIRTUAL,Flavia Nizia
DSG1801,2,1AC,CONTEÚDOS ESTRUTURANTES: OLHAR INTRAMUROS,,3,,,,13-15,L 658,Flavia Nizia 
DSG1811,2,1AE,ESTÚDIO: OLHAR INTRAMUROS,,,,5,,13-17,L 532,Flavia Nizia 
DSG1105,2,1AC,NOVAS TECNOLOGIAS,,,,5,,09-11,VIRTUAL,Flavio Carvalho
DSG1602,2,1AA,TENDÊNCIAS EM DESIGN DE PRODUTO,,,,5,,11-13,VIRTUAL,Flavio Carvalho
DSG1842,2,1AA,IMAGEM FOTOGRÁFICA E IMAGEM AUDIOVISUAL,2,,4,,,11-13,K 015,Flavio Carvalho 
DSG1842,2,1AC,IMAGEM FOTOGRÁFICA E IMAGEM AUDIOVISUAL,2,,4,,,15-17,K 015,Flavio Carvalho 
DSG1862,2,1AD,PRÁTICAS EXPERIMENTAIS II,,3,,,,11-13,K 015,Flavio Carvalho 
DSG1842,2,1AB,IMAGEM FOTOGRÁFICA E IMAGEM AUDIOVISUAL,2,,4,,,13-15,K 015,Flavio Carvalho                                       
DSG1812,2,1AD,ESTÚDIO: OLHAR EXTRAMUROS,,3,,,,13-17,L 232,Gabriela Gusmão
DSG1816,4,1AD,PROJETO: PROJETAR PARA  RESSIGNIFICAR A  PRÁTICA ,2,,4,,,10-13,L 658,Gabriela Gusmão
DSG1848,3,1AA,PLÁSTICA,2,,,,,15-18,L 232,Gabriela Gusmão
DSG1031,2,1AA,PROJETO ESPECIFICO CV,,3,,,,07-11,L 658,Gabriela Gusmão 
DSG1031,,1AA,PROJETO ESPECIFICO CV,,,,5,,07-13,L 658,Gabriela Gusmão 
DSG1613,2,1AA,REPRESENTAÇÃO EM VOLUME III,2,,,,,11-13,K 008 ,Gabriella Vaccari
DSG1637,3,1AA,LABORATORIO DA FORMA I,,3,,,,08-11,K 008,Gabriella Vaccari
DSG1987,2,1AA,PROTOTIPAGEM - DESIGN DE SERVIÇO,,,,,6,13-15,K 008,Gabriella Vaccari
DSG1062,3,1AA,PROJETO FINAL PP,,3,,,,07-11,F 100,Gabriella Vaccari 
DSG1062,,1AA,PROJETO FINAL PP,,,,,6,07-13,F 100,Gabriella Vaccari 
DSG1062,2,1AB,PROJETO FINAL PP,,3,,,,07-11,F 100,Gabriella Vaccari 
DSG1062,,1AB,PROJETO FINAL PP,,,,,6,07-13,F 100,Gabriella Vaccari 
DSG1612,3,1AA,REPRESENTAÇÃO EM VOLUME II,2,,,,,13-16,K 008 ,Gabriella Vaccari 
DSG1861,2,1AA,PRÁTICAS EXPERIMENTAIS I,,,,5,,15-17 ,ART 4,Gabriella Vaccari 
DSG1013,2,1AA,"DEXPO – Design, Extensão e Política",,3,,,,13-16,Depto,Gamba Junior 
DSG1312,3,1AA,SISTEMAS DE PROD. GRAFICA,,,,5,,08-11 ,K 017,Gilberto Mendes
DSG1812,3,1AE,ESTÚDIO: OLHAR EXTRAMUROS,,3,,,,13-17,L 422,Gilberto Mendes
DSG1815,4,1AC,PROJETO: PROJETAR PARA CONCRETIZAR,2,,4,,,10-13,L 260,Gilberto Mendes
DSG1901,2,1AA,ESTÁGIO ,,,,,6,07-09,L 422,Gilberto Mendes
DSG1804,2,1AC,CONTEÚDOS ESTRUTURANTES: PROJETAR EM SOCIEDADE,,3,,,,09-11,IAG 3,Gilberto Mendes 
DSG1861,2,1AC,PRÁTICAS EXPERIMENTAIS I,,,,5,,15-17 ,ART 5,Gilberto Mendes 
DSG1061,1,1AB,PROJETO ESPECÍFICO PP,,3,,,,07-11,ART1,Guilherme Lorenzoni 
DSG1061,,1AB,PROJETO ESPECÍFICO PP,,,,5,,07-13,ART2,Guilherme Lorenzoni 
DSG1061,1,1AA,PROJETO ESPECÍFICO PP,,3,,,,07-11,ART1,Guilherme Lorenzoni 
DSG1061,,1AA,PROJETO ESPECÍFICO PP,,,,5,,07-13,ART2,Guilherme Lorenzoni 
DSG1945,2,1AA,PROCESSOS DE MANUFATURA,,,,,6,07-09,K 008,Guilherme Lorenzoni 
DSG1814,4,1AA,PROJETO: PROJETAR EM SOCIEDADE,2,,4,,,10-13,ART 1,Guilherme Toledo
DSG1931,4,1AA,EMPREENDEDORISMO EM DESIGN,2,,,,,13-17,ART 3,Guilherme Toledo
DSG1862,2,1AB,PRÁTICAS EXPERIMENTAIS II,,,,5,,11-13,LIFE,Guilherme Xavier
DSG1041,1,1AA,PROJETO ESPECIFICO DIG,,3,,,,07-13,L 422,Guilherme Xavier 
DSG1041,,1AA,PROJETO ESPECIFICO DIG,,,,5,,07-11,L 422,Guilherme Xavier 
DSG1041,1,1AB,PROJETO ESPECIFICO DIG,,3,,,,07-13,L 422,Guilherme Xavier 
DSG1041,,1AB,PROJETO ESPECIFICO DIG,,,,5,,07-11,L 422,Guilherme Xavier 
DSG1042,1,1AA,PROJETO FINAL DIG,,3,,,,07-11,L 532,Guilherme Xavier 
DSG1042,,1AA,PROJETO FINAL DIG,,,,,6,07-13,L 532,Guilherme Xavier 
DSG1042,1,1AB,PROJETO FINAL DIG,,3,,,,07-11,L 532,Guilherme Xavier 
DSG1042,,1AB,PROJETO FINAL DIG,,,,,6,07-13,L 532,Guilherme Xavier 
DSG1433,3,1AA,DESIGN DE JOGOS ,,3,,,,13-16,K 015,Guilherme Xavier 
DSG1861,2,1AB,PRÁTICAS EXPERIMENTAIS I,,,,5,,15-17 ,ART 4,Guilherme Xavier 
DSG1990,2,1AA,JOGOS DIGITAIS,,,,5,,09-11,LIFE,Guilherme Xavier 
DSG1847,4,1AC,DESENHO DE CONCEPÇÃO,2,,4,,,13-15,ART 2,Guto Lins
DSG1337,4,1AA,BRANDING - CONSTRUÇÃO DA MARCA  ,,,4,,6,11-13 ,ART 5/ ART 1,Guto Lins 
DSG1843,2,1AA,LINGUAGEM GRÁFICA ,,,,5,,17-19,L 532,Guto Lins 
DSG1144,3,1AA,MODELAGEM VIRTUAL,,3,,,,13-16,T 01,Helena Cavalcanti
DSG1866,2,1AA,PRÁTICAS EXPERIMENTAIS VI,,,,5,,07-09,K 015,Helena Cavalcanti
DSG1826,2,1AA,QUESTÕES EM ÊNFASE,2,,,,,08-10,L 658,Horista a contratar
DSG1826,2,1AB,QUESTÕES EM ÊNFASE,2,,,,,08-10,ART 1,Horista a contratar
DSG1826,2,1AC,QUESTÕES EM ÊNFASE,2,,,,,08-10,ART 2,Horista a contratar
DSG1843,2,1AB,LINGUAGEM GRÁFICA ,,,,5,,17-19,L 232,Horista a contratar
DSG1900,4,1AA,PROJETO INTERDISCIPLINAR DE ÊNFASE,2,,,,,07-11,L 422,Horista a contratar
DSG1900,4,1AB,PROJETO INTERDISCIPLINAR DE ÊNFASE,2,,,,,07-11,L 422,Horista a contratar
DSG1910,3,1AA,ANTEPROJETO FINAL COMUN/ARTE,,,4,,,08-11,VIRTUAL,Horista a contratar
DSG1911,3,1AA,ANTEPROJETO FINAL CORPO E MODA,,,4,,,08-11,VIRTUAL,Horista a contratar
DSG1912,3,1AA,ANTEPROJETO FINAL ESTRA-GESTAO,,,4,,,08-11,VIRTUAL,Horista a contratar
DSG1913,3,1AA,ANTEPROJETO FINAL EXP/DIGITAL,,,4,,,08-11,VIRTUAL,Horista a contratar
DSG1914,3,1AA,ANTEPROJETO FINAL PROD INOVACA,,,4,,,08-11,VIRTUAL,Horista a contratar
DSG1915,3,1AA,ANTEPROJETO FINAL SUSTENTABILI,,,4,,,08-11,VIRTUAL,Horista a contratar
DSG1984,2,1AA,MODA CORPOREIDADE TRANSGREÇÃO ,2,,,,,13-15,LAB MOD ,Horista a contratar
DSG1051,2,1AA,PROJETO ESPECIFICO MOD,,3,,,,07-13,LAB MOD,Horista a contratar 
DSG1051,,1AA,PROJETO ESPECIFICO MOD,,,,5,,07-11,ART 1,Horista a contratar 
DSG1051,3,1AB,PROJETO ESPECIFICO MOD,,3,,,,07-13,LAB MOD,Horista a contratar 
DSG1051,,1AB,PROJETO ESPECIFICO MOD,,,,5,,07-11,ART 1,Horista a contratar 
DSG1551,4,1AA,DESIGN DE ADORNOS PESSOAIS,,3,,5,,11-13/ 11-13,VIRTUAL/L 422,Irina Aragão
DSG1553,2,1AA,HISTÓRIA DO ADORNO PESSOAL II,,,4,,,11-13,VIRTUAL,Irina Aragão
DSG1821,2,1AA,HISTORIA E TEORIA DO DESIGN I,,3,,,,15-17,ART 2,Irina Aragão
DSG1822,2,1AB,HISTORIA DO DESIGN BRASILEIRO,,,,,6,11-13,VIRTUAL,Irina Aragão
DSG1824,2,1AB,TEORIA DO OBJETO,,,,,6,09-11,VIRTUAL,Irina Aragão
DSG1824,2,1AC,TEORIA DO OBJETO,,,,,6,13-15,VIRTUAL,Irina Aragão
DSG1051,5,1AA,PROJETO ESPECIFICO MOD,,3,,,,07-13,LAB MOD,Isabel Martins
DSG1812,3,1AA,ESTÚDIO: OLHAR EXTRAMUROS,,3,,,,13-17,L 260,Isabel Martins
DSG1921,4,1AA,PROJ FINAL CORPO E MODA,,,4,,,09-13,S/sala,Isabel Martins
DSG1921,4,1AA,PROJ FINAL CORPO E MODA,,,,,6,07-11,LAB MOD,Isabel Martins
DSG1947,3,1AA,CONSTRUÇÕES TEXTEIS E O CORPO CULTURAL,,3,,5,,11-13,K017,Isabel Martins
DSG1051,,1AA,PROJETO ESPECIFICO MOD,,,,5,,07-11,ART 1,Isabel Martins 
DSG1052,4,1AB,PROJETO FINAL MOD,,3,,,6,07-11,ART 2 (apoio LAB 6ª),Isabel Martins 
DSG1403,2,1AA,ERGONOMIA E INT HUMANO-COMPUTADOR,,,,5,,11-13,VIRTUAL,Isabela Mota 
DSG1852,2,1AC,FUNDAMENTOS EM ERGODESIGN,,,,,6,09-11,VIRTUAL,Isabela Mota 
DSG1857,2,1AB,ERGODESIGN,,3,,,,07-09,ART 3,Isabela Mota 
DSG1030,2,1AB,ANTEPROJETO ESPECÍFICO CV,,3,,,,11-13,VIRTUAL,Izabel Oliveira 
DSG1032,3,1AB,PROJETO FINAL CV,,3,,,,07-11,L 232,Izabel Oliveira 
DSG1032,,1AB,PROJETO FINAL CV,,,,,6,07-13,L 232,Izabel Oliveira 
DSG1322,2,1AA,IMAGEM REPRESENTAÇÃO CV,2,,,,,11-13,VIRTUAL,Izabel Oliveira 
DSG1802,1,1AA,CONTEÚDOS ESTRUTURANTES: OLHAR EXTRAMUROS,,,,5,,13-15,ART 1,Izabel Oliveira 
DSG1804,2,1AB,CONTEÚDOS ESTRUTURANTES: PROJETAR EM SOCIEDADE,,3,,,,09-11,ART3,Izabel Oliveira 
DSG1845,3,1AB,"LINGUAGEM, COMUNICAÇÃO E DISCURSO NO DESIGN I",,,,5,,15-18,ART 1,Izabel Oliveira 
DSG1902,2,1AA,DOCUMENTAÇÃO DE PROJETO PARA TCC EM DESIGN,,,,5,,09-11,VIRTUAL,Izabel Oliveira  
DSG1700,2,1AA,ESTUDO DIRIGIDO,,,,,,SHF,,Jackeline Farbiarz
DSG1862,2,1AA,PRÁTICAS EXPERIMENTAIS II,,3,,,,11-13,LIFE,João Bonelli
DSG1863,4,1AA,PRÁTICAS EXPERIMENTAIS III,2,,4,,,08-10,LIFE ,João Bonelli
DSG1041,5,1AA,PROJETO ESPECIFICO DIG,,3,,,,07-13,L 422,João Bonelli 
DSG1041,,1AA,PROJETO ESPECIFICO DIG,,,,5,,07-11,L 422,João Bonelli 
DSG1042,1,1AA,PROJETO FINAL DIG,,3,,,,07-11,L 532,João Bonelli 
DSG1042,,1AA,PROJETO FINAL DIG,,,,,6,07-13,L 532,João Bonelli 
DSG1042,1,1AB,PROJETO FINAL DIG,,3,,,,07-11,L 532,João Bonelli 
DSG1042,,1AB,PROJETO FINAL DIG,,,,,6,07-13,L 532,João Bonelli 
DSG1413,4,1AB,DESIGN DE OBJETOS INTELIGENTES,2,,,,,13-16/1SHF,LIFE,João Bonelli 
DSG1802,1,1AB,CONTEÚDOS ESTRUTURANTES: OLHAR EXTRAMUROS ,,,,5,,13-15,ART 2,João Bonelli 
DSG1923,8,1AA,PROJ FINAL  EXP/DIGITAL,,,4,,6,09-13,S/sala/LIFE,João Bonelli 
DSG1605,3,1AA,BIÔNICA ,,3,,,,11-14,ART 2,João Victor
DSG1856,2,1AB,BIONICA,,3,,,,08-10,ART 5,João Victor
DSG1974,2,1AA,BIOMIMÉTICA ,,,,5,,11-13,ART 5,João Victor
DSG1824,2,1AA,TEORIA DO OBJETO,,,,,6,09-11,VIRTUAL,João Victor 
DSG1102,2,1AA,HISTORIA DO DESIGN II,,3,,,,11-13,VIRTUAL,Joaquim Redig
DSG1822,2,1AA,HISTORIA DO DESIGN BRASILEIRO,,,,,6,13-15,VIRTUAL,Joaquim Redig
ART1056,2,1AA,HISTÓRIA DA ARTE II,2,,,,,15-17,VIRTUAL,Jorge Langone
ART1420,4,1AB,CULTURA MODERNA/CONTEMPORANEA,2,,4,,,13-15,VIRTUAL,Jorge Langone
DSG1816,4,1AB,PROJETO: PROJETAR PARA  RESSIGNIFICAR A  PRÁTICA ,2,,4,,,10-13,L 532,Jorge Langone
DSG1823,2,1AC,HISTÓRIA E TEORIA DO DESIGN II,2,,,,,17-19,VIRTUAL,Jorge Langone
DSG1825,2,1AA,HISTÓRIA DA ARTE,,,,,6,11-13,VIRTUAL,Jorge Langone
DSG1806,2,1AB,CONTEÚDOS ESTRUTURANTES: PROJETAR PARA RESSIGNIFICAR A PRÁTICA ,,,4,,,08-10,L 532,Jorge Langone 
DSG1966,3,1AA,REALIDADES DIGITAIS,,3,,,,13-16,LIFE,Jorge Lopes
DSG1062,1,1AB,PROJETO FINAL PP,,3,,,,07-11,F 100,Jorge Lopes 
DSG1062,,1AB,PROJETO FINAL PP,,,,,6,07-13,F 100,Jorge Lopes 
DSG1862,2,1AC,PRÁTICAS EXPERIMENTAIS II,,,,5,,11-13,K 015,Joy Till
DSG1041,1,1AA,PROJETO ESPECIFICO DIG,,3,,,,07-13,L 422,Joy Till 
DSG1041,1,1AB,PROJETO ESPECIFICO DIG,,3,,,,07-13,L 422,Joy Till 
DSG1041,,1AB,PROJETO ESPECIFICO DIG,,,,5,,07-11,L 422,Joy Till 
DSG1042,1,1AA,PROJETO FINAL DIG,,3,,,,07-11,L 532,Joy Till 
DSG1042,,1AA,PROJETO FINAL DIG,,,,,6,07-13,L 532,Joy Till 
DSG1042,1,1AB,PROJETO FINAL DIG,,3,,,,07-11,L 532,Joy Till 
DSG1042,,1AB,PROJETO FINAL DIG,,,,,6,07-13,L 532,Joy Till 
DSG1032,,1AA,PROJETO FINAL CV,,,,,6,07-13,L 232,Julieta Sobral
DSG1812,2,1AF,ESTÚDIO: OLHAR EXTRAMUROS,,3,,,,13-17,L 422,Julieta Sobral
DSG1958,4,1AA,MULTIMODALIDADE E MULTISENSORIALIDADE NAS ARTES E DESIGN,,3,,5,,11-13,ART 1/ ART 3,Julieta Sobral
DSG1031,3,1AA,PROJETO ESPECIFICO CV,,3,,,,07-11,L 658,Julieta Sobral 
DSG1031,,1AA,PROJETO ESPECIFICO CV,,,,5,,07-13,L 658,Julieta Sobral 
DSG1032,3,1AA,PROJETO FINAL CV,,3,,,,07-11,L 232,Julieta Sobral 
DSG1311,4,1AA,GRAFICA,2,,4,,,09-11,K 017,Julieta Sobral 
DSG1841,4,1AB,LINGUAGEM E COMUNICAÇÃO NO DESIGN,2,,4,,,13-15,F 100,Julieta Sobral 
DSG1105,2,1AB,NOVAS TECNOLOGIAS,,,4,,,09-11,VIRTUAL,Leonardo Cardarelli
DSG1414,3,1AA,HISTÓRIAS DAS MÍDIAS DIGITAIS INTERATIVAS ,,,4,,,13-16,VIRTUAL,Leonardo Cardarelli
DSG1422,3,1AA,COMPUTAÇÃO PARA ANIMAÇÃO,,,,5,,09-12,F 100,Leonardo Cardarelli
DSG1432,3,1AA,COMP. GRAF. E TEC. JOGOS ELET,,,,,6,13-16,T 01,Leonardo Cardarelli
DSG1901,2,1AC,ESTÁGIO ,2,,,,,11-13,L 664,Leonardo Cardarelli
DSG1988,2,1AA,PROTOTIPAGEM E SIMULAÇÃO DIGITAL,,,,5,,13-15,LIFE,Leonardo Cardarelli 
DSG1978 ,2,1AA,MOBILIARIO,,,,5,,11-13,K008,Leonardo Lattavo 
DSG1851,2,1AB,GEOMETRIA DESCRITIVA,,3,,,,17-19,L 422,Leonidas Moraes
DSG1851,2,1AD,GEOMETRIA DESCRITIVA,,,,5,,17-19,ART 4,Leonidas Moraes
DSG1853,2,1AB,DESENHO TÉCNICO,2,,,,,13-15,L 422,Leonidas Moraes
DSG1813,1,1AB,PROJETO: PROJETAR EM PARCERIA,,,4,,,13-19,ART 4,Luciana Barbosa
DSG1813,1,1AC,PROJETO: PROJETAR EM PARCERIA ,,,4,,,13-19,ART 5,Luciana Barbosa
DSG1813,1,1AD,PROJETO: PROJETAR EM PARCERIA ,,,4,,,13-19,ART 5,Luciana Barbosa
DSG1865,4,1AA,PRÁTICAS EXPERIMENTAIS V,,3,,5,,13-15,LAB MOD,Luciana Barbosa
DSG1052,2,1AA,PROJETO FINAL MOD,,3,,,6,07-11,ART 2 ,Luciana Barbosa 
DSG1052,2,1AB,PROJETO FINAL MOD,,3,,,6,07-11,ART 2 (apoio LAB 6ª),Luciana Barbosa 
DSG1813,1,1AA,PROJETO: PROJETAR EM PARCERIA,,,4,,,13-19,ART 4,Luciana Barbosa 
DSG1844,2,1AB,DESENHO DE OBSERVAÇÃO,,3,,,,15-17,ART 5,Luciana Barbosa 
ART1053,2,1AA,DESENHO DE MODELO VIVO,2,,,,,11-13,L 422,Luciana Grether
DSG1721,2,1AA,TED XXII CULTURA BRASILEIRA DA LIT INFANTO JUVENIL ,,,4,,,11-13,L 422,Luciana Grether
DSG1813,4,1AD,PROJETO: PROJETAR EM PARCERIA ,,,4,,,13-19,ART 5,Luciana Grether
DSG1803,1,1AC,CONTEÚDOS ESTRUTURANTES: PROJETAR EM PARCERIA ,2,,,,,13-15,VIRTUAL,Luciana Grether 
DSG1811,2,1AF,ESTÚDIO: OLHAR INTRAMUROS,,,,5,,13-17,L 532,Luis Vicente
DSG1813,4,1AC,PROJETO: PROJETAR EM PARCERIA ,,,4,,,13-19,ART 5,Luis Vicente
DSG1803,1,1AA,CONTEÚDOS ESTRUTURANTES: PROJETAR EM PARCERIA ,2,,,,,13-15,VIRTUAL,Luis Vicente 
DSG1972,2,1AA,LABORATÓRIO DO LÚDICO NOS PROCESSOS COMUNICACIONAIS,2,,,,,11-13,ART 4,Luis Vicente 
DSG1816,4,1AC,PROJETO: PROJETAR PARA  RESSIGNIFICAR A  PRÁTICA ,2,,4,,,10-13,L 658,Luiz Ludwig
DSG1863,4,1AB,PRÁTICAS EXPERIMENTAIS III,2,,4,,,08-10,K 015,Luiz Ludwig
DSG1032,5,1AB,PROJETO FINAL CV,,3,,,,07-11,L 232,Luiz Ludwig 
DSG1032,,1AB,PROJETO FINAL CV,,,,,6,07-13,L 232,Luiz Ludwig 
DSG1412,4,1AA,INTERFACES FÍSICAS E LÓGICAS,,,4,,6,13-15,LIFE,Luiz Ludwig 
DSG1953,2,1AA,CONECTIVIDADE E INTERATIVIDADE NAS ARTES E NO DESIGN,2,,,,,13-15,IAG 3,Luiz Ludwig 
ART1056,2,1AB,HISTÓRIA DA ARTE II,,,,5,,07-09,VIRTUAL,Luiza Interlenghi
DSG1825,2,1AB,HISTÓRIA DA ARTE,,,,,6,11-13,VIRTUAL,Luiza Interlenghi
DSG1816,4,1AA,PROJETO: PROJETAR PARA  RESSIGNIFICAR A  PRÁTICA ,2,,4,,,10-13,L 532,Luiza Marcier
DSG1849,2,1AC,O CORPO HUMANO COMO QUESTÃO EM DESIGN,,3,,,6,15-17,L 658,Luiza Marcier
DSG1863,4,1AC,PRÁTICAS EXPERIMENTAIS III,2,,4,,,08-10,LAIA,Luiza Marcier
DSG1052,2,1AA,PROJETO FINAL MOD,,3,,,6,07-11,ART 2 ,Luiza Marcier 
DSG1811,2,1AA,ESTÚDIO: OLHAR INTRAMUROS,,,,5,,13-17,L 232,Luiza Marcier 
DSG1821,2,1AB,HISTÓRIA E TEORIA DO DESIGN I,,3,,,,11-13,L 260,Luiza Marcier 
DSG1821,2,1AC,HISTORIA E TEORIA DO DESIGN I,,3,,,,17-19,ART 2,Luiza Marcier 
DSG1802,1,1AC,CONTEÚDOS ESTRUTURANTES: OLHAR EXTRAMUROS ,,,,5,,13-15,ART 3,Lula Rocha
DSG1842,2,1AD,IMAGEM FOTOGRÁFICA E IMAGEM AUDIOVISUAL,2,,4,,,11-13,T 01,Lula Rocha
DSG1802,1,1AA,CONTEÚDOS ESTRUTURANTES: OLHAR EXTRAMUROS,,,,5,,13-15,ART 1,Lula Rocha 
DSG1802,1,1AB,CONTEÚDOS ESTRUTURANTES: OLHAR EXTRAMUROS ,,,,5,,13-15,ART 2,Lula Rocha 
DSG1999,3,1AA,CRIAÇÃO E TRAT. DA IMAGEM,,,,5,,15-18,K 015 ,Lula Rocha 
DSG1999,3,1AB,CRIAÇÃO E TRAT. DA IMAGEM (em inglês),,,,,6,11-14,K 015 ,Lula Rocha 
DSG1842,2,1AB,IMAGEM FOTOGRÁFICA E IMAGEM AUDIOVISUAL,2,,4,,,13-15,K 015,Lula Rocha                                      
DSG1041,5,1AB,PROJETO ESPECIFICO DIG,,3,,,,07-13,L 422,Mª das Graças 
DSG1041,,1AB,PROJETO ESPECIFICO DIG,,,,5,,07-11,L 422,Mª das Graças 
DSG1042,5,1AB,PROJETO FINAL DIG,,3,,,,07-11,L 532,Mª das Graças 
DSG1042,,1AB,PROJETO FINAL DIG,,,,,6,07-13,L 532,Mª das Graças 
DSG1956,2,1AA,UX/INTERACAO HUMANO-TECNOLOGIA,,3,,,,09-11,VIRTUAL,Manuela Quaresma 
DSG1812,2,1AF,ESTÚDIO: OLHAR EXTRAMUROS,,3,,,,13-17,L 422,Marcelo Pereira
DSG1041,1,1AA,PROJETO ESPECIFICO DIG,,3,,,,07-13,L 422,Marcelo Pereira 
DSG1041,,1AA,PROJETO ESPECIFICO DIG,,,,5,,07-11,L 422,Marcelo Pereira 
DSG1041,1,1AB,PROJETO ESPECIFICO DIG,,3,,,,07-13,L 422,Marcelo Pereira 
DSG1041,,1AB,PROJETO ESPECIFICO DIG,,,,5,,07-11,L 422,Marcelo Pereira 
DSG1042,5,1AA,PROJETO FINAL DIG,,3,,,,07-11,L 532,Marcelo Pereira 
DSG1042,,1AA,PROJETO FINAL DIG,,,,,6,07-13,L 532,Marcelo Pereira 
DSG1441,4,1AA,HIPERMÍDIA,,3,,5,,11-13,ART 3/VIRTUAL,Marcelo Pereira 
DSG1801,1,1AD,CONTEÚDOS ESTRUTURANTES: OLHAR INTRAMUROS,,3,,,,13-15,ART 3,Marcelo Pereira 
DSG1957,2,1AA,DESIGN E INTELIGENCIA ARTIFICIAL,,,,5,,09-11,ART 3,Marcelo Pereira 
DSG1623,4,1AA,MATERIAIS E PROCES. DE PROD II,,,,,6,07-11,ART 3,Marco Antônio 
DSG1853,2,1AC,DESENHO TÉCNICO,,,4,,,13-15,ART 3,Marco Antônio 
DSG1421,3,1AA,PRINCIPIOS DE ANIMAÇÃO,,3,,,,13-16,LAIA,Marcos Amarante
DSG1423,2,1AA,HISTÓRIA  DA ANIMAÇÃO,,,4,,,17-19,VIRTUAL,Marcos Amarante
DSG1423,2,1AB,HISTÓRIA  DA ANIMAÇÃO,,,4,,,13-15,VIRTUAL,Marcos Amarante
DSG1535,2,1AA,DESENHO DE MODA,,,,5,,07-09,F 100,Maria Eloisa
DSG1949,2,1AA,OBJETO ROUPA,,,,5,,11-13,LAB MOD,Maria Eloisa
DSG1867,2,1AA,PRÁTICAS EXPERIMENTAIS VII,,,,5,,09-11,LAB MOD,Maria Eloisa
DSG1051,3,1AA,PROJETO ESPECIFICO MOD,,3,,,,07-13,LAB MOD,Maria Eloisa 
DSG1051,,1AA,PROJETO ESPECIFICO MOD,,,,5,,07-11,ART 1,Maria Eloisa 
DSG1051,2,1AB,PROJETO ESPECIFICO MOD,,3,,,,07-13,LAB MOD,Maria Eloisa 
DSG1051,,1AB,PROJETO ESPECIFICO MOD,,,,5,,07-11,ART 1,Maria Eloisa 
DSG1845,3,1AC,"LINGUAGEM, COMUNICAÇÃO E DISCURSO NO DESIGN I",,,,5,,15-18,ART 2,Maria Julia
DSG1030,2,1AA,ANTEPROJETO ESPECÍFICO CV,,3,,,,11-13,VIRTUAL,Maria Julia 
DSG1804,2,1AD,CONTEÚDOS ESTRUTURANTES: PROJETAR EM SOCIEDADE,,3,,,,09-11,S/sala,Maria Julia 
DSG1850,2,1AA,"LINGUAGEM, COMUNICAÇÃO E DISCURSO NO DESIGN II",,,,,6,13-15,ART 3,Maria Julia 
DSG1811,2,1AC,ESTÚDIO: OLHAR INTRAMUROS,,,,5,,13-17,L 260,Mario Seixas
DSG1864,4,1AA,PRÁTICAS EXPERIMENTAIS IV,,3,,5,,13-15,K 008,Mario Seixas
ART1114,4,1AA,TECNICAS DE ILUSTRAÇÃO,,,,,6,11-15,K 017,Mateu Velasco
DSG1847,4,1AA,DESENHO DE CONCEPÇÃO,2,,4,,,13-15,L 658,Mateu Velasco
DSG1848,3,1AC,PLÁSTICA,2,,,,,15-18,ART 5,Mateu Velasco
DSG1812,2,1AB,ESTÚDIO: OLHAR EXTRAMUROS,,3,,,,13-17,L 260,Mateu Velasco 
ART1839,4,1AA,TEA X - DESIGN DE HISTÓRIAS: TEORIA E TECNICA DE NARRATIVAS ,,3,,5,,13-15,VIRTUAL,Miguel Carvalho
DSG1814,4,1AE,PROJETO: PROJETAR EM SOCIEDADE,2,,4,,,10-13,ART 3,Monica Saddi
DSG1901,2,1AB,ESTÁGIO ,,,,,6,09-11,IAG 3,Monica Saddi
ART1116,3,1AA,LINGUAGEM DA  ILUSTRAÇÃO,,,,,6,07-10,ART 4,Nathalia Cavalcante
DSG1847,4,1AB,DESENHO DE CONCEPÇÃO,2,,4,,,13-15,ART 1,Nathalia Cavalcante
DSG1305,3,1AA,BIÔNICA PARA COMUNICAÇÃO VISUAL, ,,4,,,10-13,ART 4,Nathalia Cavalcante
DSG1844,2,1AA,DESENHO DE OBSERVAÇÃO,,3,,,,17-19,L260,Nathalia Cavalcante
DSG1849,2,1AB,O CORPO HUMANO COMO QUESTÃO EM DESIGN,,3,,,6,15-17,ART 4,Nathalia Cavalcante
DSG1811,1,1AD,ESTÚDIO: OLHAR INTRAMUROS,,,,5,,13-17,L 260,Nathalia Cavalcante
DSG1811,1,1AC,ESTÚDIO: OLHAR INTRAMUROS,,,,5,,13-17,L 260,Nathalia Cavalvante
DSG1502,2,1AA,TENDÊNCIAS EM DESIGN DE MODA,,3,,,,11-13,VIRTUAL,Priscila Andrade
DSG1850,2,1AC,"LINGUAGEM, COMUNICAÇÃO E DISCURSO NO DESIGN II",,,,,6,13-15,ART 2 ,Priscila Andrade
DSG1051,5,1AB,PROJETO ESPECIFICO MOD,,3,,,,07-13,LAB MOD,Priscila Andrade 
DSG1051,,1AB,PROJETO ESPECIFICO MOD,,,,5,,07-11,ART 1,Priscila Andrade 
DSG1517,3,1AA,DESIGN DE ESTAMPARIA ,,,,5,,13-16,K 017,Priscila Andrade 
DSG1806,2,1AC,CONTEÚDOS ESTRUTURANTES: PROJETAR PARA RESSIGNIFICAR A PRÁTICA ,,,4,,,08-10,L 658,Priscila Andrade 
DSG1843,2,1AC,LINGUAGEM GRÁFICA ,,,,5,,17-19,L 260,Priscila Andrade 
DSG1948,2,1AA,CARTOGRAFIAS ,,3,,,,13-15,K017,Priscila Andrade 
DSG1802,1,1AC,CONTEÚDOS ESTRUTURANTES: OLHAR EXTRAMUROS ,,,,5,,13-15,ART 3,Renata Mattos
DSG1813,4,1AA,PROJETO: PROJETAR EM PARCERIA,,,4,,,13-19,ART 4,Renata Mattos 
DSG1442,3,1AA,NARRATIVA EM MULTIMIDIA ,2,,,,,11-14,VIRTUAL,Rian Rezende
DSG1718,2,1AA,NARRATIVAS AUDIOVISUAIS,,,,5,,08-10,VIRTUAL,Rian Rezende
DSG1812,2,1AB,ESTÚDIO: OLHAR EXTRAMUROS,,3,,,,13-17,L 260,Rian Rezende
DSG1855,3,1AA,"LINGUAGEM, COMUNICAÇÃO E DISCURSO NO DESIGN III",,3,,,,10-13,ART 4,Rian Rezende
DSG1952,4,1AA,DESIGN E NARRATIVA ,,,,,6,07-11,L658,Rian Rezende 
DSG1854,2,1AA,LINGUAGEM E ESTRUTURAS,2,,4,,,08-10,L 260,Rian Rezende  
DSG1854,2,1AC,LINGUAGEM E ESTRUTURAS ,2,,4,,,08-10,L 232,Rian Rezende  
DSG1145,3,1AA,MODELAGEM VIRTUAL II,2,,,,,07-10,T 01,Ricardo Fontes
DSG1032,5,1AA,PROJETO FINAL CV,,3,,,,07-11,L 232,Roberta Portas 
DSG1032,,1AA,PROJETO FINAL CV,,,,,6,07-13,L 232,Roberta Portas 
DSG1806,2,1AA,CONTEÚDOS ESTRUTURANTES: PROJETAR PARA RESSIGNIFICAR A PRÁTICA ,,,4,,,08-10,L 422,Roberta Portas 
DSG1753,3,1AA,TED LIV - DIAGRAMAÇÃO E EDITORAÇÃO ELETRÔNICA ,,3,,,,10-13,VIRTUAL,Romulo Matteoni
DSG1841,4,1AC,LINGUAGEM E COMUNICAÇÃO NO DESIGN,2,,4,,,13-15,L 232,Romulo Matteoni
DSG1845,3,1AA,"LINGUAGEM, COMUNICAÇÃO E DISCURSO NO DESIGN I",,,,5,,15-18,L 422,Romulo Matteoni
DSG1805,2,1AA,CONTEÚDOS ESTRUTURANTES: PROJETAR PARA CONCRETIZAR,,,,,6,07-09,VIRTUAL,Romulo Matteoni 
DSG1814,4,1AF,PROJETO: PROJETAR EM SOCIEDADE,2,,4,,,10-13,ART 3,Romulo Matteoni 
DSG1143,3,1AB,EDIÇÃO POS PROD IMAGENS EM MOV,,3,,,,07-10,K 015,Sanseverino
DSG1758,3,1AA,CRIAÇÃO E PRODUÇÃO DE IMAGEM EM MOVIMENTO,,,,5,,08-11,L 232,Sanseverino
DSG1104,2,1AA,HISTÓRIA DOS ESTILOS ,,,,5,,13-15,VIRTUAL,Silvia Helena 
DSG1537,2,1AA ,FIGURINO,,,,,6,11-13,ART 2,Silvia Helena 
DSG1538,2,1AA,HISTÓRIA DA MODA BRASILEIRA ,,,,,6,09-11,VIRTUAL,Silvia Helena 
DSG1823,2,1AB,HISTÓRIA E TEORIA DO DESIGN II,2,,,,,17-19,VIRTUAL,Silvia Helena 
DSG1832,2,1AA,HISTÓRIA DA INDUMENTÁRIA,,3,,,,09-11,VIRTUAL,Silvia Helena 
DSG1335,4,1AA,LINGUAGEM EM COMUNICAÇÃO VISUAL II,,3,,5,,13-15,ART 4,Simone Formiga
DSG1323,4,1AA,TEORIAS E ENFOQUES CRÍTICOS NA CV,,,4,,6,11-13,VIRTUAL/ART 3,Simone Formiga 
DSG1850,2,1AB,"LINGUAGEM, COMUNICAÇÃO E DISCURSO NO DESIGN II",,,,,6,17-19,L 260,Simone Formiga 
DSG1841,4,1AD,LINGUAGEM E COMUNICAÇÃO NO DESIGN,2,,4,,,13-15,L 532,Suzana Valladares
DSG1030,2,1AC,ANTEPROJETO ESPECÍFICO CV,,3,,,,11-13,VIRTUAL,Suzana Valladares 
DSG1031,5,1AB,PROJETO ESPECIFICO CV,,3,,,,07-11,L 658,Suzana Valladares 
DSG1031,,1AB,PROJETO ESPECIFICO CV,,,,5,,07-13,L 658,Suzana Valladares 
DSG1801,2,1AB,CONTEÚDOS ESTRUTURANTES: OLHAR INTRAMUROS,,3,,,,13-15,ART 1,Tatiana Carvalho 
DSG1032,1,1AA,PROJETO FINAL CV,,3,,,,07-11,L 232,Vera Damazio 
DSG1032,,1AA,PROJETO FINAL CV,,,,,6,07-13,L 232,Vera Damazio 
DSG1032,1,1AC,PROJETO FINAL CV,,3,,,,07-11,L 260,Vera Damazio 
DSG1032,,1AC,PROJETO FINAL CV,,,,,6,07-13,L 260,Vera Damazio 
DSG1632,2,1AA,SEMÂNTICA DO PRODUTO,2,,,,,09-11,VIRTUAL,Vera Nojima 
DSG1805,2,1AB,CONTEÚDOS ESTRUTURANTES: PROJETAR PARA CONCRETIZAR,,,,,6,07-09,VIRTUAL,Vera Nojima 
DSG1052,3,1AA,PROJETO FINAL MOD,,3,,,6,07-11,ART 2 ,Walvyker Souza
DSG1515,2,1AA,TEC. DE COSTURA,,,4,,,09-11,LAB MOD,Walvyker Souza
DSG1519,2,1AA,ALFAIATARIA,,,,,6,13-15,LAB MOD,Walvyker Souza
DSG1986,4,1AA,CONSTRUÇÃO DO VESTUÁRIO AVANÇADA,,,4,,6,11-13,LAB MOD ,Walvyker Souza
DSG1052,2,1AB,PROJETO FINAL MOD,,3,,,6,07-11,ART 2 (apoio LAB 6ª),Walvyker Souza 
DSG1415,3,1AA,SONORIZAÇÃO E ÁUDIO DIGITAIS,,,4,,,07-10,F 100,Werther Azevedo
,,,,,,,,,,,
,,,,,,,,,,,
presencial,,,,,,,,,,,
hibrido,,,,,,,,,,,
remoto,,,,,,,,,,,